# MagicaVoxel @ Ephtracy

# group
o 

# material
mtllib room.mtl
usemtl palette

# normals
vn -1 0 0
vn 1 0 0
vn 0 0 1
vn 0 0 -1
vn 0 -1 0
vn 0 1 0

# texcoords
vt 0.908203 0.5
vt 0.912109 0.5
vt 0.916016 0.5
vt 0.958984 0.5
vt 0.986328 0.5
vt 0.990234 0.5
vt 0.994141 0.5

# verts
v -5.9 0 6
v -5.9 0 5.6
v -5.9 0 5.5
v -5.9 0 5.1
v -5.9 0 5
v -5.9 0 4.5
v -5.9 0 4.4
v -5.9 0 3.8
v -5.9 0 3.7
v -5.9 0 3.3
v -5.9 0 3.2
v -5.9 0 2.7
v -5.9 0 2.6
v -5.9 0 2.1
v -5.9 0 2
v -5.9 0 1.5
v -5.9 0 1.4
v -5.9 0 0.9
v -5.9 0 0.8
v -5.9 0 0.2
v -5.9 0 0.0999999
v -5.9 0 -0.3
v -5.9 0 -0.4
v -5.9 0 -1
v -5.9 0 -1.1
v -5.9 0 -1.6
v -5.9 0 -1.7
v -5.9 0 -2.2
v -5.9 0 -2.3
v -5.9 0 -2.8
v -5.9 0 -2.9
v -5.9 0 -3.4
v -5.9 0 -3.5
v -5.9 0 -3.9
v -5.9 0.1 6
v -5.9 0.1 5.6
v -5.9 0.1 5.5
v -5.9 0.1 5.1
v -5.9 0.1 5
v -5.9 0.1 4.5
v -5.9 0.1 4.4
v -5.9 0.1 3.8
v -5.9 0.1 3.7
v -5.9 0.1 3.3
v -5.9 0.1 3.2
v -5.9 0.1 2.7
v -5.9 0.1 2.6
v -5.9 0.1 2.1
v -5.9 0.1 2
v -5.9 0.1 1.5
v -5.9 0.1 1.4
v -5.9 0.1 0.9
v -5.9 0.1 0.8
v -5.9 0.1 0.2
v -5.9 0.1 0.0999999
v -5.9 0.1 -0.3
v -5.9 0.1 -0.4
v -5.9 0.1 -1
v -5.9 0.1 -1.1
v -5.9 0.1 -1.6
v -5.9 0.1 -1.7
v -5.9 0.1 -2.2
v -5.9 0.1 -2.3
v -5.9 0.1 -2.8
v -5.9 0.1 -2.9
v -5.9 0.1 -3.4
v -5.9 0.1 -3.5
v -5.9 0.1 -3.9
v -5.9 4.8 6
v -5.9 4.8 -3.8
v -5.9 4.9 -3.8
v -5.9 4.9 -3.9
v -5.9 6 -3.8
v -5.9 6 -3.9
v -5.6 3 -3.6
v -5.6 3 -3.8
v -5.6 3.4 -3.6
v -5.6 3.4 -3.8
v -5.4 1.1 2.4
v -5.4 1.1 1.3
v -5.4 3.6 2.4
v -5.4 3.6 1.3
v -5.4 4.6 -2
v -5.4 4.6 -3.5
v -5.4 4.8 -2
v -5.4 4.8 -3.5
v -5.3 1.1 -2.3
v -5.3 1.1 -3.8
v -5.3 2 -2.3
v -5.3 2 -3.8
v -5.3 4.5 2.8
v -5.3 4.5 2.3
v -5.3 4.6 2.8
v -5.3 4.6 2.3
v -4.9 4.5 2.7
v -4.9 4.5 2.4
v -4.9 4.6 2.7
v -4.9 4.6 2.4
v -4.9 4.6 -2
v -4.9 4.6 -3.5
v -4.9 4.8 -2
v -4.9 4.8 -3.5
v -4.5 5.9 -2.4
v -4.5 5.9 -3.8
v -4.5 6 -2.4
v -4.5 6 -3.8
v -4.4 4.6 -2
v -4.4 4.6 -3.5
v -4.4 4.8 -2
v -4.4 4.8 -3.5
v -4.3 1.1 2.3
v -4.3 1.1 1.4
v -4.3 2.8 2.3
v -4.3 2.8 1.4
v -4.3 2.9 2.3
v -4.3 2.9 1.4
v -4.3 3 2.3
v -4.3 3 1.4
v -4.3 3.1 2.3
v -4.3 3.1 1.4
v -4.3 3.2 2.3
v -4.3 3.2 1.4
v -4.3 3.3 2.3
v -4.3 3.3 1.4
v -4.3 3.4 2.3
v -4.3 3.4 1.4
v -3.9 4.6 -2
v -3.9 4.6 -3.5
v -3.9 4.8 -2
v -3.9 4.8 -3.5
v -3.8 0.1 5.4
v -3.8 0.1 5.3
v -3.8 0.6 5.4
v -3.8 0.6 5.3
v -3.4 1.1 3.4
v -3.4 1.1 3.3
v -3.4 1.1 2.1
v -3.4 1.1 2
v -3.4 1.1 0.5
v -3.4 1.1 0.4
v -3.4 1.4 3.4
v -3.4 1.4 3.3
v -3.4 1.4 2.1
v -3.4 1.4 0.4
v -3.4 1.4 -3.8
v -3.4 1.5 3.4
v -3.4 1.5 3.3
v -3.4 1.5 2.1
v -3.4 1.5 0.4
v -3.4 1.5 -3.8
v -3.4 1.7 3.4
v -3.4 1.7 3.3
v -3.4 1.7 2.1
v -3.4 1.7 0.4
v -3.4 1.7 -3.8
v -3.4 1.8 3.4
v -3.4 1.8 3.3
v -3.4 1.8 2.1
v -3.4 1.8 0.4
v -3.4 1.8 -3.8
v -3.4 2 3.4
v -3.4 2 3.3
v -3.4 2 2.1
v -3.4 2 0.4
v -3.4 2 -3.8
v -3.4 2.1 3.3
v -3.4 2.1 2
v -3.4 2.1 0.5
v -3.4 2.1 -3.8
v -3.4 4.6 -2
v -3.4 4.6 -3.5
v -3.4 4.8 -2
v -3.4 4.8 -3.5
v -2.9 4.6 -2
v -2.9 4.6 -3.5
v -2.9 4.8 -2
v -2.9 4.8 -3.5
v -2.5 0.4 -1.4
v -2.5 0.4 -1.7
v -2.5 0.5 -1.4
v -2.5 0.5 -1.7
v -2.4 0.1 -1.5
v -2.4 0.1 -1.6
v -2.4 0.4 -1.5
v -2.4 0.4 -1.6
v -2.3 0.4 -1.5
v -2.3 0.4 -1.6
v -2.3 0.5 -1.5
v -2.3 0.5 -1.6
v -2 0.1 5.4
v -2 0.1 5.3
v -2 0.5 5.4
v -2 0.5 5.3
v -1.9 0 -3.9
v -1.9 0 -6.1
v -1.9 0.1 -3
v -1.9 0.1 -3.4
v -1.9 0.1 -3.5
v -1.9 0.1 -3.8
v -1.9 0.1 -3.9
v -1.9 3.4 -3
v -1.9 3.4 -3.8
v -1.9 3.5 -3.9
v -1.9 3.5 -6.1
v -1.9 4.1 3.6
v -1.9 4.1 -1.7
v -1.9 4.2 3.4
v -1.9 4.2 -1.4
v -1.9 4.3 5.5
v -1.9 4.3 3.6
v -1.9 4.3 -1.7
v -1.9 4.3 -3.8
v -1.9 4.4 5.5
v -1.9 4.4 3.4
v -1.9 4.4 -1.4
v -1.9 4.4 -3.8
v -1.5 4.1 3.6
v -1.5 4.1 -1.7
v -1.5 4.2 3.5
v -1.5 4.2 -1.5
v -1.5 4.3 5.5
v -1.5 4.3 3.6
v -1.5 4.3 -1.7
v -1.5 4.3 -3.8
v -1.5 4.4 5.5
v -1.5 4.4 3.5
v -1.5 4.4 -1.5
v -1.5 4.4 -3.8
v -1.1 0.1 5.4
v -1.1 0.1 5.3
v -1.1 0.6 5.4
v -1.1 0.6 5.3
v -1.1 4.3 1
v -1.1 4.3 -0.1
v -1.1 4.4 1
v -1.1 4.4 -0.1
v -0.7 0.6 4
v -0.7 0.6 3.7
v -0.7 0.7 4
v -0.7 0.7 3.7
v -0.6 0.1 3.9
v -0.6 0.1 3.8
v -0.6 0.6 3.9
v -0.6 0.6 3.8
v -0.5 0.6 3.9
v -0.5 0.6 3.8
v -0.5 0.7 3.9
v -0.5 0.7 3.8
v -0.4 4.6 2.7
v -0.4 4.6 2.2
v -0.4 4.7 2.7
v -0.4 4.7 2.2
v -0.2 4.6 2.6
v -0.2 4.6 2.5
v -0.2 4.6 2.4
v -0.2 4.6 2.3
v -0.2 4.7 2.6
v -0.2 4.7 2.5
v -0.2 4.7 2.4
v -0.2 4.7 2.3
v 0.0999999 0.1 -3.1
v 0.0999999 0.1 -3.4
v 0.0999999 0.1 -3.5
v 0.0999999 0.1 -3.8
v 0.0999999 0.1 -3.9
v 0.0999999 0.1 -5.9
v 0.0999999 0.2 -3.4
v 0.0999999 0.2 -3.5
v 0.0999999 0.3 -3.4
v 0.0999999 0.3 -3.5
v 0.0999999 0.5 -3.4
v 0.0999999 0.5 -3.5
v 0.0999999 0.6 -3.4
v 0.0999999 0.6 -3.5
v 0.0999999 0.8 -3.4
v 0.0999999 0.8 -3.5
v 0.0999999 0.9 -3.4
v 0.0999999 0.9 -3.5
v 0.0999999 1.1 -3.4
v 0.0999999 1.1 -3.5
v 0.0999999 1.2 -3.4
v 0.0999999 1.2 -3.5
v 0.0999999 1.4 -3.4
v 0.0999999 1.4 -3.5
v 0.0999999 1.5 -3.4
v 0.0999999 1.5 -3.5
v 0.0999999 1.7 -3.4
v 0.0999999 1.7 -3.5
v 0.0999999 1.8 -3.4
v 0.0999999 1.8 -3.5
v 0.0999999 1.9 -4.3
v 0.0999999 1.9 -4.4
v 0.0999999 2 -3.4
v 0.0999999 2 -3.5
v 0.0999999 2 -4.3
v 0.0999999 2 -4.4
v 0.0999999 2.1 -3.4
v 0.0999999 2.1 -3.5
v 0.0999999 2.3 -3.4
v 0.0999999 2.3 -3.5
v 0.0999999 2.4 -3.4
v 0.0999999 2.4 -3.5
v 0.0999999 2.6 -3.4
v 0.0999999 2.6 -3.5
v 0.0999999 2.7 -3.4
v 0.0999999 2.7 -3.5
v 0.0999999 2.9 -3.4
v 0.0999999 2.9 -3.5
v 0.0999999 3 -3.4
v 0.0999999 3 -3.5
v 0.0999999 3.2 -3.4
v 0.0999999 3.2 -3.5
v 0.0999999 3.3 -3.4
v 0.0999999 3.3 -3.5
v 0.0999999 3.4 -3.1
v 0.0999999 3.4 -3.8
v 0.0999999 3.4 -3.9
v 0.0999999 3.4 -5.9
v 0.2 4.6 2.6
v 0.2 4.6 2.5
v 0.2 4.6 2.4
v 0.2 4.6 2.3
v 0.2 4.7 2.6
v 0.2 4.7 2.5
v 0.2 4.7 2.4
v 0.2 4.7 2.3
v 0.4 4.6 2.8
v 0.4 4.6 2.1
v 0.4 4.7 2.8
v 0.4 4.7 2.1
v 0.7 0.1 5.4
v 0.7 0.1 5.3
v 0.7 0.5 5.4
v 0.7 0.5 5.3
v 0.7 4.2 0.5
v 0.7 4.2 0.2
v 0.7 4.3 0.5
v 0.7 4.3 0.2
v 0.8 4.3 0.4
v 0.8 4.3 0.3
v 0.8 4.5 0.4
v 0.8 4.5 0.3
v 0.8 4.6 0.4
v 0.8 4.6 0.3
v 0.9 4.2 0.4
v 0.9 4.2 0.3
v 0.9 4.3 0.4
v 0.9 4.3 0.3
v 1 0.1 -3.3
v 1 0.1 -3.4
v 1 0.1 -3.5
v 1 0.1 -3.8
v 1 3.8 -3.1
v 1 3.8 -3.3
v 1 3.9 -3.2
v 1 3.9 -3.3
v 1 3.9 -3.6
v 1 4 -3.6
v 1 4 -3.8
v 1 4.3 -3.2
v 1 4.3 -3.8
v 1 4.4 -3.1
v 1 4.4 -3.8
v 1.5 0.1 5.4
v 1.5 0.1 5.3
v 1.5 0.6 5.4
v 1.5 0.6 5.3
v 1.6 3.7 1.2
v 1.6 3.7 0.9
v 1.6 3.8 1.2
v 1.6 3.8 0.9
v 1.7 0.1 2.2
v 1.7 0.1 2.1
v 1.7 0.1 2
v 1.7 0.1 1.5
v 1.7 0.1 1.4
v 1.7 0.1 0.9
v 1.7 0.1 0.8
v 1.7 1 2.2
v 1.7 1 0.8
v 1.7 3.8 1.1
v 1.7 3.8 1
v 1.7 4.5 1.1
v 1.7 4.5 1
v 1.7 4.6 1.1
v 1.7 4.6 1
v 1.8 3.4 -0.5
v 1.8 3.4 -0.8
v 1.8 3.5 -0.5
v 1.8 3.5 -0.8
v 1.8 3.7 1.1
v 1.8 3.7 1
v 1.8 3.8 1.1
v 1.8 3.8 1
v 1.9 0.1 -3
v 1.9 0.1 -3.1
v 1.9 0.4 3.7
v 1.9 0.4 3.4
v 1.9 0.5 3.7
v 1.9 0.5 3.4
v 1.9 3.5 -0.6
v 1.9 3.5 -0.7
v 1.9 3.7 -2.9
v 1.9 3.7 -3
v 1.9 3.8 -3
v 1.9 3.8 -3.1
v 1.9 4.3 -3
v 1.9 4.3 -3.3
v 1.9 4.4 -2.9
v 1.9 4.4 -3.2
v 1.9 4.5 -0.6
v 1.9 4.5 -0.7
v 1.9 4.5 -3.2
v 1.9 4.5 -3.3
v 1.9 4.6 -0.6
v 1.9 4.6 -0.7
v 1.9 4.6 -3.2
v 1.9 4.6 -3.3
v 2 0.1 3.6
v 2 0.1 3.5
v 2 0.4 3.6
v 2 0.4 3.5
v 2 3.4 -0.6
v 2 3.4 -0.7
v 2 3.5 -0.6
v 2 3.5 -0.7
v 2.1 0.4 3.6
v 2.1 0.4 3.5
v 2.1 0.5 3.6
v 2.1 0.5 3.5
v 2.2 0.1 -3
v 2.2 0.1 -3.1
v 2.2 3.7 -2.9
v 2.2 3.7 -3
v 2.2 3.8 -3
v 2.2 3.8 -3.1
v 2.2 4.3 -3
v 2.2 4.3 -3.3
v 2.2 4.4 -2.9
v 2.2 4.4 -3.2
v 2.2 4.5 -3.2
v 2.2 4.5 -3.3
v 2.2 4.6 -3.2
v 2.2 4.6 -3.3
v 2.5 2.2 -3.5
v 2.5 2.2 -3.8
v 2.5 2.6 -3.5
v 2.5 2.6 -3.8
v 2.6 0.5 2.2
v 2.6 0.5 2.1
v 2.6 0.9 2.2
v 2.6 0.9 2.1
v 2.7 1.6 -3.5
v 2.7 1.6 -3.8
v 2.7 2 -3.5
v 2.7 2 -3.8
v 2.7 2.8 -2.8
v 2.7 2.8 -3.8
v 2.7 3.4 -2.8
v 2.7 3.4 -3.8
v 2.9 2.9 -2.8
v 2.9 2.9 -2.9
v 2.9 3.3 -2.8
v 2.9 3.3 -2.9
v 2.9 3.9 0.7
v 2.9 3.9 0.4
v 2.9 4 0.7
v 2.9 4 0.4
v 3 4 0.6
v 3 4 0.5
v 3 4.6 0.6
v 3 4.6 0.5
v 3.1 0.9 2.1
v 3.1 0.9 1.5
v 3.1 1 2.1
v 3.1 1 1.5
v 3.1 2.9 -2.8
v 3.1 2.9 -2.9
v 3.1 3.3 -2.8
v 3.1 3.3 -2.9
v 3.1 3.9 0.6
v 3.1 3.9 0.5
v 3.1 4 0.6
v 3.1 4 0.5
v 3.3 0.1 5.4
v 3.3 0.1 5.3
v 3.3 0.5 5.4
v 3.3 0.5 5.3
v 3.3 2.9 -2.8
v 3.3 2.9 -2.9
v 3.3 3.3 -2.8
v 3.3 3.3 -2.9
v 3.7 4.6 2.7
v 3.7 4.6 2.2
v 3.7 4.7 2.7
v 3.7 4.7 2.2
v 3.8 2.9 -3.5
v 3.8 2.9 -3.8
v 3.8 3 -3.5
v 3.8 3 -3.8
v 3.9 4.6 2.6
v 3.9 4.6 2.5
v 3.9 4.6 2.4
v 3.9 4.6 2.3
v 3.9 4.7 2.6
v 3.9 4.7 2.5
v 3.9 4.7 2.4
v 3.9 4.7 2.3
v 4.1 1 -2.2
v 4.1 1 -3.8
v 4.1 1.6 -2.2
v 4.1 1.6 -3.8
v 4.1 3.1 -3.3
v 4.1 3.1 -3.8
v 4.1 3.2 -3.3
v 4.1 3.2 -3.8
v 4.3 4.6 2.6
v 4.3 4.6 2.5
v 4.3 4.6 2.4
v 4.3 4.6 2.3
v 4.3 4.7 2.6
v 4.3 4.7 2.5
v 4.3 4.7 2.4
v 4.3 4.7 2.3
v 4.5 0.1 -0.6
v 4.5 0.1 -1
v 4.5 0.1 -1.1
v 4.5 0.1 -1.2
v 4.5 0.1 -2.3
v 4.5 0.1 -2.8
v 4.5 0.1 -2.9
v 4.5 0.1 -3.4
v 4.5 0.1 -3.5
v 4.5 0.1 -3.8
v 4.5 0.4 -0.6
v 4.5 0.4 -1.2
v 4.5 0.5 -2.3
v 4.5 0.5 -3.8
v 4.5 1.1 -2.2
v 4.5 1.1 -3.8
v 4.5 1.5 -2.2
v 4.5 1.5 -3.8
v 4.5 4.6 2.8
v 4.5 4.6 2.1
v 4.5 4.7 2.8
v 4.5 4.7 2.1
v 4.6 1.9 -2.8
v 4.6 1.9 -3.8
v 4.6 2.5 -2.8
v 4.6 2.5 -3.8
v 4.7 1 3.2
v 4.7 1 2.9
v 4.7 1.1 3.2
v 4.7 1.1 2.9
v 4.8 0.1 3.1
v 4.8 0.1 3
v 4.8 1 3.1
v 4.8 1 3
v 4.9 1 3.1
v 4.9 1 3
v 4.9 1.1 3.1
v 4.9 1.1 3
v 5 0.1 -0.6
v 5 0.1 -1
v 5 0.1 -1.1
v 5 0.1 -1.2
v 5 0.1 -2.3
v 5 0.1 -2.8
v 5 0.1 -2.9
v 5 0.1 -3.4
v 5 0.1 -3.5
v 5 0.1 -3.7
v 5 0.3 -0.6
v 5 0.3 -1.2
v 5 0.4 -2.3
v 5 0.4 -3.7
v 5 2 -2.8
v 5 2 -3.8
v 5 2.4 -2.8
v 5 2.4 -3.8
v 5.8 4.1 5.6
v 5.8 4.1 5.2
v 5.8 4.1 5.1
v 5.8 4.1 4.8
v 5.8 4.1 4.7
v 5.8 4.1 4.4
v 5.8 4.1 4.3
v 5.8 4.1 -3.3
v 5.8 4.2 5.5
v 5.8 4.2 5.2
v 5.8 4.2 5.1
v 5.8 4.2 4.8
v 5.8 4.2 4.7
v 5.8 4.2 4.4
v 5.8 4.2 4.3
v 5.8 4.2 0
v 5.8 4.2 -0.1
v 5.8 4.2 -3.3
v 5.8 4.3 5.6
v 5.8 4.3 5.5
v 5.8 4.3 0
v 5.8 4.3 -0.1
v -5.8 0.1 6
v -5.8 0.1 5.6
v -5.8 0.1 5.5
v -5.8 0.1 4.4
v -5.8 0.1 3.8
v -5.8 0.1 3.7
v -5.8 0.1 3.5
v -5.8 1 3.5
v -5.8 1.1 3.5
v -5.8 1.1 -3.8
v -5.8 1.4 3.4
v -5.8 1.4 3.3
v -5.8 1.5 3.4
v -5.8 1.5 3.3
v -5.8 1.7 3.4
v -5.8 1.7 3.3
v -5.8 1.8 3.4
v -5.8 1.8 3.3
v -5.8 2 3.4
v -5.8 2 3.3
v -5.8 2.1 3.4
v -5.8 2.1 3.3
v -5.8 2.6 -0.4
v -5.8 2.6 -2.6
v -5.8 2.7 5.5
v -5.8 2.7 4.4
v -5.8 3.7 -0.4
v -5.8 3.7 -2.6
v -5.8 3.9 -3.3
v -5.8 3.9 -3.6
v -5.8 4.1 5.2
v -5.8 4.1 5.1
v -5.8 4.1 4.8
v -5.8 4.1 4.7
v -5.8 4.1 4.4
v -5.8 4.1 4.3
v -5.8 4.2 5.2
v -5.8 4.2 5.1
v -5.8 4.2 4.8
v -5.8 4.2 4.7
v -5.8 4.2 4.4
v -5.8 4.2 4.3
v -5.8 4.2 -3.3
v -5.8 4.2 -3.6
v -5.8 4.3 5.6
v -5.8 4.3 5.5
v -5.8 4.3 1.1
v -5.8 4.3 1
v -5.8 4.4 5.6
v -5.8 4.4 5.5
v -5.8 4.4 1.1
v -5.8 4.4 1
v -5.8 4.6 6
v -5.8 4.6 -3.8
v -5.8 4.8 -3.8
v -5.8 4.8 -3.9
v -5.8 4.9 -3.8
v -5.8 4.9 -3.9
v -5.8 5.9 -3.8
v -5.8 5.9 -3.9
v -5.7 4.6 -2
v -5.7 4.6 -3.5
v -5.7 4.8 -2
v -5.7 4.8 -3.5
v -5.3 2.8 -0.7
v -5.3 2.8 -0.8
v -5.3 2.8 -1
v -5.3 2.8 -1.1
v -5.3 2.8 -1.3
v -5.3 2.8 -1.4
v -5.3 2.8 -1.6
v -5.3 2.8 -1.7
v -5.3 2.8 -1.9
v -5.3 2.8 -2
v -5.3 2.8 -2.2
v -5.3 2.8 -2.3
v -5.3 3.5 -0.7
v -5.3 3.5 -0.8
v -5.3 3.5 -1
v -5.3 3.5 -1.1
v -5.3 3.5 -1.3
v -5.3 3.5 -1.4
v -5.3 3.5 -1.6
v -5.3 3.5 -1.7
v -5.3 3.5 -1.9
v -5.3 3.5 -2
v -5.3 3.5 -2.2
v -5.3 3.5 -2.3
v -5.2 1.1 2.3
v -5.2 1.1 1.4
v -5.2 2.6 -0.4
v -5.2 2.6 -2.6
v -5.2 2.8 -0.7
v -5.2 2.8 -0.8
v -5.2 2.8 -1
v -5.2 2.8 -1.1
v -5.2 2.8 -1.3
v -5.2 2.8 -1.4
v -5.2 2.8 -1.6
v -5.2 2.8 -1.7
v -5.2 2.8 -1.9
v -5.2 2.8 -2
v -5.2 2.8 -2.2
v -5.2 2.8 -2.3
v -5.2 3 -3.6
v -5.2 3 -3.8
v -5.2 3.4 -3.6
v -5.2 3.4 -3.8
v -5.2 3.5 2.3
v -5.2 3.5 1.4
v -5.2 3.5 -0.7
v -5.2 3.5 -0.8
v -5.2 3.5 -1
v -5.2 3.5 -1.1
v -5.2 3.5 -1.3
v -5.2 3.5 -1.4
v -5.2 3.5 -1.6
v -5.2 3.5 -1.7
v -5.2 3.5 -1.9
v -5.2 3.5 -2
v -5.2 3.5 -2.2
v -5.2 3.5 -2.3
v -5.2 3.7 -0.4
v -5.2 3.7 -2.6
v -5.2 4.5 2.7
v -5.2 4.5 2.4
v -5.2 4.6 2.7
v -5.2 4.6 2.4
v -5.2 4.6 -2
v -5.2 4.6 -3.5
v -5.2 4.8 -2
v -5.2 4.8 -3.5
v -4.8 2.2 5.4
v -4.8 2.2 4.5
v -4.8 2.6 5.4
v -4.8 2.6 4.5
v -4.8 4.5 2.8
v -4.8 4.5 2.3
v -4.8 4.6 2.8
v -4.8 4.6 2.3
v -4.7 4.6 -2
v -4.7 4.6 -3.5
v -4.7 4.8 -2
v -4.7 4.8 -3.5
v -4.4 0.1 5.5
v -4.4 0.1 5.1
v -4.4 0.1 5
v -4.4 0.1 4.5
v -4.4 0.1 4.4
v -4.4 2.1 5.5
v -4.4 2.1 4.4
v -4.4 5.9 -2.4
v -4.4 5.9 -3.9
v -4.4 6 -2.4
v -4.4 6 -3.9
v -4.3 1.1 -2.3
v -4.3 1.1 -3.8
v -4.3 2 -2.3
v -4.3 2 -3.8
v -4.2 1.1 2.3
v -4.2 1.1 1.4
v -4.2 2.8 2.3
v -4.2 2.8 1.4
v -4.2 2.9 2.3
v -4.2 2.9 1.4
v -4.2 3 2.3
v -4.2 3 1.4
v -4.2 3.1 2.3
v -4.2 3.1 1.4
v -4.2 3.2 2.3
v -4.2 3.2 1.4
v -4.2 3.3 2.3
v -4.2 3.3 1.4
v -4.2 3.4 2.3
v -4.2 3.4 1.4
v -4.2 4.6 -2
v -4.2 4.6 -3.5
v -4.2 4.8 -2
v -4.2 4.8 -3.5
v -4.1 1.1 2.4
v -4.1 1.1 2.3
v -4.1 1.1 1.4
v -4.1 1.1 1.3
v -4.1 3.5 2.3
v -4.1 3.5 1.4
v -4.1 3.6 2.4
v -4.1 3.6 1.3
v -3.7 0.1 5.4
v -3.7 0.1 5.3
v -3.7 0.5 5.4
v -3.7 0.5 5.3
v -3.7 4.6 -2
v -3.7 4.6 -3.5
v -3.7 4.8 -2
v -3.7 4.8 -3.5
v -3.3 1.1 3.4
v -3.3 1.1 3.3
v -3.3 1.1 2.1
v -3.3 1.1 2
v -3.3 1.1 0.5
v -3.3 1.1 0.4
v -3.3 1.4 3.3
v -3.3 1.4 2.1
v -3.3 1.4 0.4
v -3.3 1.4 -3.8
v -3.3 1.5 3.3
v -3.3 1.5 2.1
v -3.3 1.5 0.4
v -3.3 1.5 -3.8
v -3.3 1.7 3.3
v -3.3 1.7 2.1
v -3.3 1.7 0.4
v -3.3 1.7 -3.8
v -3.3 1.8 3.3
v -3.3 1.8 2.1
v -3.3 1.8 0.4
v -3.3 1.8 -3.8
v -3.3 2 3.3
v -3.3 2 2.1
v -3.3 2 0.4
v -3.3 2 -3.8
v -3.3 2.1 3.4
v -3.3 2.1 2
v -3.3 2.1 0.5
v -3.3 2.1 -3.8
v -3.2 0.1 3.5
v -3.2 0.1 3.3
v -3.2 0.1 3.2
v -3.2 0.1 2.7
v -3.2 0.1 2.6
v -3.2 0.1 2.1
v -3.2 0.1 2
v -3.2 0.1 0.5
v -3.2 0.1 0.2
v -3.2 0.1 0.0999999
v -3.2 0.1 -0.3
v -3.2 0.1 -0.4
v -3.2 0.1 -1
v -3.2 0.1 -1.1
v -3.2 0.1 -1.6
v -3.2 0.1 -1.7
v -3.2 0.1 -2.2
v -3.2 0.1 -2.3
v -3.2 0.1 -2.8
v -3.2 0.1 -2.9
v -3.2 0.1 -3.4
v -3.2 0.1 -3.5
v -3.2 0.1 -3.8
v -3.2 1 3.5
v -3.2 1 2.6
v -3.2 1 2.5
v -3.2 1 2
v -3.2 1 0.5
v -3.2 1 -0.8
v -3.2 1 -0.9
v -3.2 1 -3.8
v -3.2 1.1 3.5
v -3.2 1.1 2.6
v -3.2 1.1 2.5
v -3.2 1.1 2
v -3.2 1.1 0.5
v -3.2 1.1 -0.8
v -3.2 1.1 -0.9
v -3.2 1.1 -3.8
v -3.2 4.6 -2
v -3.2 4.6 -3.5
v -3.2 4.8 -2
v -3.2 4.8 -3.5
v -3 0.9 2
v -3 0.9 0.5
v -3 1 2
v -3 1 0.5
v -3 1.1 2
v -3 1.1 0.5
v -2.7 0.7 2
v -2.7 0.7 0.5
v -2.7 0.8 2
v -2.7 0.8 0.5
v -2.7 0.9 2
v -2.7 0.9 0.5
v -2.4 0.4 -1.5
v -2.4 0.4 -1.6
v -2.4 0.5 2
v -2.4 0.5 0.5
v -2.4 0.5 -1.5
v -2.4 0.5 -1.6
v -2.4 0.6 2
v -2.4 0.6 0.5
v -2.4 0.7 2
v -2.4 0.7 0.5
v -2.3 0.1 -1.5
v -2.3 0.1 -1.6
v -2.3 0.4 -1.5
v -2.3 0.4 -1.6
v -2.2 0.4 -1.4
v -2.2 0.4 -1.7
v -2.2 0.5 -1.4
v -2.2 0.5 -1.7
v -2.1 0.3 2
v -2.1 0.3 0.5
v -2.1 0.4 2
v -2.1 0.4 0.5
v -2.1 0.5 2
v -2.1 0.5 0.5
v -1.9 0.1 5.4
v -1.9 0.1 5.3
v -1.9 0.6 5.4
v -1.9 0.6 5.3
v -1.8 0.1 2
v -1.8 0.1 1.5
v -1.8 0.1 1.4
v -1.8 0.1 0.9
v -1.8 0.1 0.8
v -1.8 0.1 0.5
v -1.8 0.1 -3
v -1.8 0.1 -3.4
v -1.8 0.1 -3.5
v -1.8 0.1 -3.8
v -1.8 0.1 -3.9
v -1.8 0.1 -5.9
v -1.8 0.2 2
v -1.8 0.2 0.5
v -1.8 0.2 -3.4
v -1.8 0.2 -3.5
v -1.8 0.3 2
v -1.8 0.3 0.5
v -1.8 0.3 -3.4
v -1.8 0.3 -3.5
v -1.8 0.5 -3.4
v -1.8 0.5 -3.5
v -1.8 0.6 -3.4
v -1.8 0.6 -3.5
v -1.8 0.8 -3.4
v -1.8 0.8 -3.5
v -1.8 0.9 -3.4
v -1.8 0.9 -3.5
v -1.8 1.1 -3.4
v -1.8 1.1 -3.5
v -1.8 1.2 -3.4
v -1.8 1.2 -3.5
v -1.8 1.4 -3.4
v -1.8 1.4 -3.5
v -1.8 1.5 -3.4
v -1.8 1.5 -3.5
v -1.8 1.7 -3.4
v -1.8 1.7 -3.5
v -1.8 1.8 -3.4
v -1.8 1.8 -3.5
v -1.8 2 -3.4
v -1.8 2 -3.5
v -1.8 2.1 -3.4
v -1.8 2.1 -3.5
v -1.8 2.3 -3.4
v -1.8 2.3 -3.5
v -1.8 2.4 -3.4
v -1.8 2.4 -3.5
v -1.8 2.6 -3.4
v -1.8 2.6 -3.5
v -1.8 2.7 -3.4
v -1.8 2.7 -3.5
v -1.8 2.9 -3.4
v -1.8 2.9 -3.5
v -1.8 3 -3.4
v -1.8 3 -3.5
v -1.8 3.2 -3.4
v -1.8 3.2 -3.5
v -1.8 3.3 -3.4
v -1.8 3.3 -3.5
v -1.8 3.4 -3
v -1.8 3.4 -3.8
v -1.8 3.4 -3.9
v -1.8 3.4 -5.9
v -1.8 4.1 3.6
v -1.8 4.1 -1.7
v -1.8 4.2 3.4
v -1.8 4.2 -1.4
v -1.8 4.3 5.5
v -1.8 4.3 3.6
v -1.8 4.3 -1.7
v -1.8 4.3 -3.8
v -1.8 4.4 5.5
v -1.8 4.4 3.4
v -1.8 4.4 -1.4
v -1.8 4.4 -3.8
v -1.7 2.1 5.5
v -1.7 2.1 4.4
v -1.7 2.2 5.4
v -1.7 2.2 4.5
v -1.7 2.6 5.4
v -1.7 2.6 4.5
v -1.7 2.7 5.5
v -1.7 2.7 4.4
v -1.4 4.1 3.6
v -1.4 4.1 -1.7
v -1.4 4.2 3.5
v -1.4 4.2 -1.5
v -1.4 4.3 5.5
v -1.4 4.3 3.6
v -1.4 4.3 -1.7
v -1.4 4.3 -3.8
v -1.4 4.4 5.5
v -1.4 4.4 3.5
v -1.4 4.4 -1.5
v -1.4 4.4 -3.8
v -1 0.1 5.4
v -1 0.1 5.3
v -1 0.5 5.4
v -1 0.5 5.3
v -1 4.3 1.1
v -1 4.3 0
v -1 4.4 1.1
v -1 4.4 0
v -0.6 0.6 3.9
v -0.6 0.6 3.8
v -0.6 0.7 3.9
v -0.6 0.7 3.8
v -0.5 0.1 3.9
v -0.5 0.1 3.8
v -0.5 0.6 3.9
v -0.5 0.6 3.8
v -0.5 4.6 2.8
v -0.5 4.6 2.1
v -0.5 4.7 2.8
v -0.5 4.7 2.1
v -0.4 0.6 4
v -0.4 0.6 3.7
v -0.4 0.7 4
v -0.4 0.7 3.7
v -0.3 4.6 2.6
v -0.3 4.6 2.5
v -0.3 4.6 2.4
v -0.3 4.6 2.3
v -0.3 4.7 2.6
v -0.3 4.7 2.5
v -0.3 4.7 2.4
v -0.3 4.7 2.3
v 0.0999999 4.6 2.6
v 0.0999999 4.6 2.5
v 0.0999999 4.6 2.4
v 0.0999999 4.6 2.3
v 0.0999999 4.7 2.6
v 0.0999999 4.7 2.5
v 0.0999999 4.7 2.4
v 0.0999999 4.7 2.3
v 0.2 0 -3.9
v 0.2 0 -6.1
v 0.2 0.1 -3.1
v 0.2 0.1 -3.4
v 0.2 0.1 -3.5
v 0.2 0.1 -3.8
v 0.2 0.1 -3.9
v 0.2 1.9 -4.3
v 0.2 1.9 -4.4
v 0.2 2 -4.3
v 0.2 2 -4.4
v 0.2 3.4 -3.1
v 0.2 3.4 -3.8
v 0.2 3.5 -3.9
v 0.2 3.5 -6.1
v 0.3 4.6 2.7
v 0.3 4.6 2.2
v 0.3 4.7 2.7
v 0.3 4.7 2.2
v 0.8 0.1 5.4
v 0.8 0.1 5.3
v 0.8 0.6 5.4
v 0.8 0.6 5.3
v 0.8 4.2 0.4
v 0.8 4.2 0.3
v 0.8 4.3 0.4
v 0.8 4.3 0.3
v 0.9 4.3 0.4
v 0.9 4.3 0.3
v 0.9 4.5 0.4
v 0.9 4.5 0.3
v 0.9 4.6 0.4
v 0.9 4.6 0.3
v 1 4.2 0.5
v 1 4.2 0.2
v 1 4.3 0.5
v 1 4.3 0.2
v 1.3 0.1 -3.3
v 1.3 0.1 -3.4
v 1.3 0.1 -3.5
v 1.3 0.1 -3.8
v 1.3 3.8 -3.1
v 1.3 3.8 -3.3
v 1.3 3.9 -3.2
v 1.3 3.9 -3.3
v 1.3 3.9 -3.6
v 1.3 4 -3.6
v 1.3 4 -3.8
v 1.3 4.3 -3.2
v 1.3 4.3 -3.8
v 1.3 4.4 -3.1
v 1.3 4.4 -3.8
v 1.6 0.1 5.4
v 1.6 0.1 5.3
v 1.6 0.5 5.4
v 1.6 0.5 5.3
v 1.7 3.7 1.1
v 1.7 3.7 1
v 1.7 3.8 1.1
v 1.7 3.8 1
v 1.8 3.8 1.1
v 1.8 3.8 1
v 1.8 4.5 1.1
v 1.8 4.5 1
v 1.8 4.6 1.1
v 1.8 4.6 1
v 1.9 3.4 -0.6
v 1.9 3.4 -0.7
v 1.9 3.5 -0.6
v 1.9 3.5 -0.7
v 1.9 3.7 1.2
v 1.9 3.7 0.9
v 1.9 3.8 1.2
v 1.9 3.8 0.9
v 2 0.1 -3
v 2 0.1 -3.1
v 2 0.4 3.6
v 2 0.4 3.5
v 2 0.5 3.6
v 2 0.5 3.5
v 2 3.5 -0.6
v 2 3.5 -0.7
v 2 3.7 -2.9
v 2 3.7 -3
v 2 3.8 -3
v 2 3.8 -3.1
v 2 4.3 -3
v 2 4.3 -3.3
v 2 4.4 -2.9
v 2 4.4 -3.2
v 2 4.5 -0.6
v 2 4.5 -0.7
v 2 4.5 -3.2
v 2 4.5 -3.3
v 2 4.6 -0.6
v 2 4.6 -0.7
v 2 4.6 -3.2
v 2 4.6 -3.3
v 2.1 0.1 3.6
v 2.1 0.1 3.5
v 2.1 0.4 3.6
v 2.1 0.4 3.5
v 2.1 3.4 -0.5
v 2.1 3.4 -0.8
v 2.1 3.5 -0.5
v 2.1 3.5 -0.8
v 2.2 0.4 3.7
v 2.2 0.4 3.4
v 2.2 0.5 3.7
v 2.2 0.5 3.4
v 2.2 0.5 2.2
v 2.2 0.5 2.1
v 2.2 0.9 2.2
v 2.2 0.9 2.1
v 2.3 0.1 -3
v 2.3 0.1 -3.1
v 2.3 3.7 -2.9
v 2.3 3.7 -3
v 2.3 3.8 -3
v 2.3 3.8 -3.1
v 2.3 4.3 -3
v 2.3 4.3 -3.3
v 2.3 4.4 -2.9
v 2.3 4.4 -3.2
v 2.3 4.5 -3.2
v 2.3 4.5 -3.3
v 2.3 4.6 -3.2
v 2.3 4.6 -3.3
v 2.5 0.9 2.1
v 2.5 0.9 1.5
v 2.5 1 2.1
v 2.5 1 1.5
v 2.8 2.2 -3.5
v 2.8 2.2 -3.8
v 2.8 2.6 -3.5
v 2.8 2.6 -3.8
v 2.8 2.9 -2.8
v 2.8 2.9 -2.9
v 2.8 3.3 -2.8
v 2.8 3.3 -2.9
v 3 1.6 -3.5
v 3 1.6 -3.8
v 3 2 -3.5
v 3 2 -3.8
v 3 2.9 -2.8
v 3 2.9 -2.9
v 3 3.3 -2.8
v 3 3.3 -2.9
v 3 3.9 0.6
v 3 3.9 0.5
v 3 4 0.6
v 3 4 0.5
v 3.1 4 0.6
v 3.1 4 0.5
v 3.1 4.6 0.6
v 3.1 4.6 0.5
v 3.2 0.4 1.9
v 3.2 0.4 1.4
v 3.2 0.8 1.9
v 3.2 0.8 1.4
v 3.2 2.9 -2.8
v 3.2 2.9 -2.9
v 3.2 3.3 -2.8
v 3.2 3.3 -2.9
v 3.2 3.9 0.7
v 3.2 3.9 0.4
v 3.2 4 0.7
v 3.2 4 0.4
v 3.3 0.1 2.2
v 3.3 0.1 2.1
v 3.3 0.1 1.4
v 3.3 0.1 0.9
v 3.3 0.1 0.8
v 3.3 0.4 1.9
v 3.3 0.4 1.4
v 3.3 0.8 1.9
v 3.3 0.8 1.4
v 3.3 1 2.2
v 3.3 1 0.8
v 3.4 0.1 5.4
v 3.4 0.1 5.3
v 3.4 0.6 5.4
v 3.4 0.6 5.3
v 3.4 2.8 -2.8
v 3.4 2.8 -3.8
v 3.4 2.9 -3.4
v 3.4 2.9 -3.5
v 3.4 3 -3.4
v 3.4 3 -3.5
v 3.4 3.1 -3.2
v 3.4 3.1 -3.3
v 3.4 3.2 -3.2
v 3.4 3.2 -3.3
v 3.4 3.4 -2.8
v 3.4 3.4 -3.8
v 3.6 4.6 2.8
v 3.6 4.6 2.1
v 3.6 4.7 2.8
v 3.6 4.7 2.1
v 3.8 4.6 2.6
v 3.8 4.6 2.5
v 3.8 4.6 2.4
v 3.8 4.6 2.3
v 3.8 4.7 2.6
v 3.8 4.7 2.5
v 3.8 4.7 2.4
v 3.8 4.7 2.3
v 3.9 2.9 -3.4
v 3.9 2.9 -3.8
v 3.9 3 -3.4
v 3.9 3 -3.8
v 4.2 1.1 -2.2
v 4.2 1.1 -3.8
v 4.2 1.5 -2.2
v 4.2 1.5 -3.8
v 4.2 3.1 -3.2
v 4.2 3.1 -3.8
v 4.2 3.2 -3.2
v 4.2 3.2 -3.8
v 4.2 4.6 2.6
v 4.2 4.6 2.5
v 4.2 4.6 2.4
v 4.2 4.6 2.3
v 4.2 4.7 2.6
v 4.2 4.7 2.5
v 4.2 4.7 2.4
v 4.2 4.7 2.3
v 4.4 4.6 2.7
v 4.4 4.6 2.2
v 4.4 4.7 2.7
v 4.4 4.7 2.2
v 4.6 0.1 -0.6
v 4.6 0.1 -1
v 4.6 0.1 -1.1
v 4.6 0.1 -1.2
v 4.6 0.1 -2.3
v 4.6 0.1 -2.8
v 4.6 0.1 -2.9
v 4.6 0.1 -3.4
v 4.6 0.1 -3.5
v 4.6 0.1 -3.7
v 4.6 0.3 -0.6
v 4.6 0.3 -1.2
v 4.6 0.4 -2.3
v 4.6 0.4 -3.7
v 4.6 1 -2.2
v 4.6 1 -3.8
v 4.6 1.6 -2.2
v 4.6 1.6 -3.8
v 4.7 2 -2.8
v 4.7 2 -3.8
v 4.7 2.4 -2.8
v 4.7 2.4 -3.8
v 4.8 1 3.1
v 4.8 1 3
v 4.8 1.1 3.1
v 4.8 1.1 3
v 4.9 0.1 3.1
v 4.9 0.1 3
v 4.9 1 3.1
v 4.9 1 3
v 5 1 3.2
v 5 1 2.9
v 5 1.1 3.2
v 5 1.1 2.9
v 5.1 0.1 -0.6
v 5.1 0.1 -1
v 5.1 0.1 -1.1
v 5.1 0.1 -1.2
v 5.1 0.1 -2.3
v 5.1 0.1 -2.8
v 5.1 0.1 -2.9
v 5.1 0.1 -3.4
v 5.1 0.1 -3.5
v 5.1 0.1 -3.8
v 5.1 0.4 -0.6
v 5.1 0.4 -1.2
v 5.1 0.5 -2.3
v 5.1 0.5 -3.8
v 5.1 1.9 -2.8
v 5.1 1.9 -3.8
v 5.1 2.5 -2.8
v 5.1 2.5 -3.8
v 5.7 0 6
v 5.7 0 5.6
v 5.7 0 5.5
v 5.7 0 5.1
v 5.7 0 5
v 5.7 0 4.5
v 5.7 0 4.4
v 5.7 0 3.8
v 5.7 0 3.7
v 5.7 0 3.3
v 5.7 0 3.2
v 5.7 0 2.7
v 5.7 0 2.6
v 5.7 0 2.1
v 5.7 0 2
v 5.7 0 1.5
v 5.7 0 1.4
v 5.7 0 0.9
v 5.7 0 0.8
v 5.7 0 0.2
v 5.7 0 0.0999999
v 5.7 0 -0.3
v 5.7 0 -0.4
v 5.7 0 -1
v 5.7 0 -1.1
v 5.7 0 -1.6
v 5.7 0 -1.7
v 5.7 0 -2.2
v 5.7 0 -2.3
v 5.7 0 -2.8
v 5.7 0 -2.9
v 5.7 0 -3.4
v 5.7 0 -3.5
v 5.7 0 -3.9
v 5.7 0.1 6
v 5.7 0.1 5.6
v 5.7 0.1 5.5
v 5.7 0.1 5.1
v 5.7 0.1 5
v 5.7 0.1 4.5
v 5.7 0.1 4.4
v 5.7 0.1 3.8
v 5.7 0.1 3.7
v 5.7 0.1 3.3
v 5.7 0.1 3.2
v 5.7 0.1 2.7
v 5.7 0.1 2.6
v 5.7 0.1 2.1
v 5.7 0.1 2
v 5.7 0.1 1.5
v 5.7 0.1 1.4
v 5.7 0.1 0.9
v 5.7 0.1 0.8
v 5.7 0.1 0.2
v 5.7 0.1 0.0999999
v 5.7 0.1 -0.3
v 5.7 0.1 -0.4
v 5.7 0.1 -1
v 5.7 0.1 -1.1
v 5.7 0.1 -1.6
v 5.7 0.1 -1.7
v 5.7 0.1 -2.2
v 5.7 0.1 -2.3
v 5.7 0.1 -2.8
v 5.7 0.1 -2.9
v 5.7 0.1 -3.4
v 5.7 0.1 -3.5
v 5.7 0.1 -3.8
v 5.7 0.1 -3.9
v 5.7 4.6 6
v 5.7 4.6 -3.7
v 5.7 4.6 -3.8
v 5.7 4.7 -3.7
v 5.7 4.7 -3.8
v 5.7 4.8 6
v 5.7 4.8 -3.9
v 5.9 3.9 -3.3
v 5.9 3.9 -3.6
v 5.9 4.1 5.6
v 5.9 4.1 -3.3
v 5.9 4.2 5.5
v 5.9 4.2 0
v 5.9 4.2 -0.1
v 5.9 4.2 -3.6
v 5.9 4.4 5.6
v 5.9 4.4 5.5
v 5.9 4.4 0
v 5.9 4.4 -0.1
v -5.9 0 6
v -5.9 0.1 6
v -5.9 4.8 6
v -5.8 0.1 6
v -5.8 4.6 6
v -5.4 0 6
v -5.4 0.1 6
v -5.3 0 6
v -5.3 0.1 6
v -0.9 0 6
v -0.9 0.1 6
v -0.8 0 6
v -0.8 0.1 6
v 3.6 0 6
v 3.6 0.1 6
v 3.7 0 6
v 3.7 0.1 6
v 5.7 0 6
v 5.7 0.1 6
v 5.7 4.6 6
v 5.7 4.8 6
v -5.8 4.3 5.6
v -5.8 4.4 5.6
v 5.8 4.1 5.6
v 5.8 4.3 5.6
v 5.9 4.1 5.6
v 5.9 4.4 5.6
v -5.8 0.1 5.5
v -5.8 2.7 5.5
v -4.4 0.1 5.5
v -4.4 2.1 5.5
v -1.7 2.1 5.5
v -1.7 2.7 5.5
v -3.8 0.1 5.4
v -3.8 0.6 5.4
v -3.7 0.1 5.4
v -3.7 0.5 5.4
v -2 0.1 5.4
v -2 0.5 5.4
v -1.9 0.1 5.4
v -1.9 0.6 5.4
v -1.1 0.1 5.4
v -1.1 0.6 5.4
v -1 0.1 5.4
v -1 0.5 5.4
v 0.7 0.1 5.4
v 0.7 0.5 5.4
v 0.8 0.1 5.4
v 0.8 0.6 5.4
v 1.5 0.1 5.4
v 1.5 0.6 5.4
v 1.6 0.1 5.4
v 1.6 0.5 5.4
v 3.3 0.1 5.4
v 3.3 0.5 5.4
v 3.4 0.1 5.4
v 3.4 0.6 5.4
v -5.8 4.1 5.2
v -5.8 4.2 5.2
v 5.8 4.1 5.2
v 5.8 4.2 5.2
v -5.8 4.1 4.8
v -5.8 4.2 4.8
v 5.8 4.1 4.8
v 5.8 4.2 4.8
v -4.8 2.2 4.5
v -4.8 2.6 4.5
v -1.7 2.2 4.5
v -1.7 2.6 4.5
v -5.8 4.1 4.4
v -5.8 4.2 4.4
v 5.8 4.1 4.4
v 5.8 4.2 4.4
v -0.7 0.6 4
v -0.7 0.7 4
v -0.4 0.6 4
v -0.4 0.7 4
v -0.6 0.1 3.9
v -0.6 0.6 3.9
v -0.5 0.1 3.9
v -0.5 0.6 3.9
v -0.6 0.6 3.8
v -0.6 0.7 3.8
v -0.5 0.6 3.8
v -0.5 0.7 3.8
v 1.9 0.4 3.7
v 1.9 0.5 3.7
v 2.2 0.4 3.7
v 2.2 0.5 3.7
v -1.9 4.1 3.6
v -1.9 4.3 3.6
v -1.8 4.1 3.6
v -1.8 4.3 3.6
v -1.5 4.1 3.6
v -1.5 4.3 3.6
v -1.4 4.1 3.6
v -1.4 4.3 3.6
v 2 0.1 3.6
v 2 0.4 3.6
v 2.1 0.1 3.6
v 2.1 0.4 3.6
v -5.8 0.1 3.5
v -5.8 1 3.5
v -5.8 1.1 3.5
v -5.7 0.1 3.5
v -5.6 0.1 3.5
v -5.1 1 3.5
v -5.1 1.1 3.5
v -5 1 3.5
v -5 1.1 3.5
v -3.9 1 3.5
v -3.9 1.1 3.5
v -3.8 1 3.5
v -3.8 1.1 3.5
v -3.2 0.1 3.5
v -3.2 1 3.5
v -3.2 1.1 3.5
v 2 0.4 3.5
v 2 0.5 3.5
v 2.1 0.4 3.5
v 2.1 0.5 3.5
v -5.8 1.4 3.4
v -5.8 1.5 3.4
v -5.8 1.7 3.4
v -5.8 1.8 3.4
v -5.8 2 3.4
v -5.8 2.1 3.4
v -3.4 1.1 3.4
v -3.4 1.4 3.4
v -3.4 1.5 3.4
v -3.4 1.7 3.4
v -3.4 1.8 3.4
v -3.4 2 3.4
v -3.3 1.1 3.4
v -3.3 2.1 3.4
v 4.7 1 3.2
v 4.7 1.1 3.2
v 5 1 3.2
v 5 1.1 3.2
v 4.8 0.1 3.1
v 4.8 1 3.1
v 4.9 0.1 3.1
v 4.9 1 3.1
v 4.8 1 3
v 4.8 1.1 3
v 4.9 1 3
v 4.9 1.1 3
v -5.3 4.5 2.8
v -5.3 4.6 2.8
v -4.8 4.5 2.8
v -4.8 4.6 2.8
v -0.4 4.6 2.7
v -0.4 4.7 2.7
v 0.3 4.6 2.7
v 0.3 4.7 2.7
v 3.7 4.6 2.7
v 3.7 4.7 2.7
v 4.4 4.6 2.7
v 4.4 4.7 2.7
v -0.3 4.6 2.5
v -0.3 4.7 2.5
v -0.2 4.6 2.5
v -0.2 4.7 2.5
v 0.0999999 4.6 2.5
v 0.0999999 4.7 2.5
v 0.2 4.6 2.5
v 0.2 4.7 2.5
v 3.8 4.6 2.5
v 3.8 4.7 2.5
v 3.9 4.6 2.5
v 3.9 4.7 2.5
v 4.2 4.6 2.5
v 4.2 4.7 2.5
v 4.3 4.6 2.5
v 4.3 4.7 2.5
v -5.4 1.1 2.4
v -5.4 3.6 2.4
v -5.2 4.5 2.4
v -5.2 4.6 2.4
v -5.1 1.1 2.4
v -5 1.1 2.4
v -4.9 4.5 2.4
v -4.9 4.6 2.4
v -4.1 1.1 2.4
v -4.1 3.6 2.4
v -0.3 4.6 2.3
v -0.3 4.7 2.3
v -0.2 4.6 2.3
v -0.2 4.7 2.3
v 0.0999999 4.6 2.3
v 0.0999999 4.7 2.3
v 0.2 4.6 2.3
v 0.2 4.7 2.3
v 3.8 4.6 2.3
v 3.8 4.7 2.3
v 3.9 4.6 2.3
v 3.9 4.7 2.3
v 4.2 4.6 2.3
v 4.2 4.7 2.3
v 4.3 4.6 2.3
v 4.3 4.7 2.3
v 1.7 0.1 2.2
v 1.7 1 2.2
v 2.2 0.5 2.2
v 2.2 0.9 2.2
v 2.6 0.5 2.2
v 2.6 0.9 2.2
v 3.3 0.1 2.2
v 3.3 1 2.2
v -3.4 1.1 2.1
v -3.4 1.4 2.1
v -3.4 1.5 2.1
v -3.4 1.7 2.1
v -3.4 1.8 2.1
v -3.4 2 2.1
v -3.3 1.1 2.1
v -3.3 1.4 2.1
v -3.3 1.5 2.1
v -3.3 1.7 2.1
v -3.3 1.8 2.1
v -3.3 2 2.1
v -0.5 4.6 2.1
v -0.5 4.7 2.1
v 0.4 4.6 2.1
v 0.4 4.7 2.1
v 2.2 0.5 2.1
v 2.2 0.9 2.1
v 2.6 0.5 2.1
v 2.6 0.9 2.1
v 3.6 4.6 2.1
v 3.6 4.7 2.1
v 4.5 4.6 2.1
v 4.5 4.7 2.1
v -3.2 0.1 2
v -3.2 1 2
v -3.2 1.1 2
v -3 0.8 2
v -3 0.9 2
v -3 1 2
v -3 1.1 2
v -2.7 0.6 2
v -2.7 0.7 2
v -2.7 0.8 2
v -2.7 0.9 2
v -2.4 0.4 2
v -2.4 0.5 2
v -2.4 0.6 2
v -2.4 0.7 2
v -2.1 0.2 2
v -2.1 0.3 2
v -2.1 0.4 2
v -2.1 0.5 2
v -1.8 0.1 2
v -1.8 0.2 2
v -1.8 0.3 2
v 2.5 0.9 1.5
v 2.5 1 1.5
v 3.1 0.9 1.5
v 3.1 1 1.5
v -5.2 1.1 1.4
v -5.2 3.5 1.4
v -5.1 1.1 1.4
v -5 1.1 1.4
v -4.3 1.1 1.4
v -4.3 2.8 1.4
v -4.3 2.9 1.4
v -4.3 3 1.4
v -4.3 3.1 1.4
v -4.3 3.2 1.4
v -4.3 3.3 1.4
v -4.3 3.4 1.4
v -4.2 1.1 1.4
v -4.2 2.8 1.4
v -4.2 2.9 1.4
v -4.2 3 1.4
v -4.2 3.1 1.4
v -4.2 3.2 1.4
v -4.2 3.3 1.4
v -4.2 3.4 1.4
v -4.1 1.1 1.4
v -4.1 3.5 1.4
v 3.2 0.4 1.4
v 3.2 0.8 1.4
v 3.3 0.4 1.4
v 3.3 0.8 1.4
v 1.6 3.7 1.2
v 1.6 3.8 1.2
v 1.9 3.7 1.2
v 1.9 3.8 1.2
v -5.8 4.3 1.1
v -5.8 4.4 1.1
v -1 4.3 1.1
v -1 4.4 1.1
v 1.7 3.8 1.1
v 1.7 4.5 1.1
v 1.7 4.6 1.1
v 1.8 3.8 1.1
v 1.8 4.5 1.1
v 1.8 4.6 1.1
v 1.7 3.7 1
v 1.7 3.8 1
v 1.8 3.7 1
v 1.8 3.8 1
v 2.9 3.9 0.7
v 2.9 4 0.7
v 3.2 3.9 0.7
v 3.2 4 0.7
v 3 4 0.6
v 3 4.6 0.6
v 3.1 4 0.6
v 3.1 4.6 0.6
v -3.4 1.1 0.5
v -3.4 2.1 0.5
v -3.3 1.1 0.5
v -3.3 2.1 0.5
v 0.7 4.2 0.5
v 0.7 4.3 0.5
v 1 4.2 0.5
v 1 4.3 0.5
v 3 3.9 0.5
v 3 4 0.5
v 3.1 3.9 0.5
v 3.1 4 0.5
v 0.8 4.3 0.4
v 0.8 4.5 0.4
v 0.8 4.6 0.4
v 0.9 4.3 0.4
v 0.9 4.5 0.4
v 0.9 4.6 0.4
v 0.8 4.2 0.3
v 0.8 4.3 0.3
v 0.9 4.2 0.3
v 0.9 4.3 0.3
v -1 4.3 0
v -1 4.4 0
v 5.8 4.2 0
v 5.8 4.3 0
v 5.9 4.2 0
v 5.9 4.4 0
v -5.8 2.6 -0.4
v -5.8 3.7 -0.4
v -5.2 2.6 -0.4
v -5.2 3.7 -0.4
v 1.8 3.4 -0.5
v 1.8 3.5 -0.5
v 2.1 3.4 -0.5
v 2.1 3.5 -0.5
v 1.9 3.5 -0.6
v 1.9 4.5 -0.6
v 1.9 4.6 -0.6
v 2 3.5 -0.6
v 2 4.5 -0.6
v 2 4.6 -0.6
v 4.5 0.1 -0.6
v 4.5 0.4 -0.6
v 4.6 0.1 -0.6
v 4.6 0.3 -0.6
v 5 0.1 -0.6
v 5 0.3 -0.6
v 5.1 0.1 -0.6
v 5.1 0.4 -0.6
v 1.9 3.4 -0.7
v 1.9 3.5 -0.7
v 2 3.4 -0.7
v 2 3.5 -0.7
v -5.3 2.8 -0.8
v -5.3 3.5 -0.8
v -5.2 2.8 -0.8
v -5.2 3.5 -0.8
v -5.3 2.8 -1.1
v -5.3 3.5 -1.1
v -5.2 2.8 -1.1
v -5.2 3.5 -1.1
v -5.3 2.8 -1.4
v -5.3 3.5 -1.4
v -5.2 2.8 -1.4
v -5.2 3.5 -1.4
v -2.5 0.4 -1.4
v -2.5 0.5 -1.4
v -2.2 0.4 -1.4
v -2.2 0.5 -1.4
v -1.9 4.2 -1.4
v -1.9 4.4 -1.4
v -1.8 4.2 -1.4
v -1.8 4.4 -1.4
v -2.4 0.1 -1.5
v -2.4 0.4 -1.5
v -2.3 0.1 -1.5
v -2.3 0.4 -1.5
v -1.5 4.2 -1.5
v -1.5 4.4 -1.5
v -1.4 4.2 -1.5
v -1.4 4.4 -1.5
v -2.4 0.4 -1.6
v -2.4 0.5 -1.6
v -2.3 0.4 -1.6
v -2.3 0.5 -1.6
v -5.3 2.8 -1.7
v -5.3 3.5 -1.7
v -5.2 2.8 -1.7
v -5.2 3.5 -1.7
v -5.3 2.8 -2
v -5.3 3.5 -2
v -5.2 2.8 -2
v -5.2 3.5 -2
v 4.1 1 -2.2
v 4.1 1.6 -2.2
v 4.2 1.1 -2.2
v 4.2 1.5 -2.2
v 4.5 1.1 -2.2
v 4.5 1.5 -2.2
v 4.6 1 -2.2
v 4.6 1.6 -2.2
v -5.3 1.1 -2.3
v -5.3 2 -2.3
v -5.3 2.8 -2.3
v -5.3 3.5 -2.3
v -5.2 2.8 -2.3
v -5.2 3.5 -2.3
v -4.3 1.1 -2.3
v -4.3 2 -2.3
v 4.5 0.1 -2.3
v 4.5 0.5 -2.3
v 4.6 0.1 -2.3
v 4.6 0.4 -2.3
v 5 0.1 -2.3
v 5 0.4 -2.3
v 5.1 0.1 -2.3
v 5.1 0.5 -2.3
v -4.5 5.9 -2.4
v -4.5 6 -2.4
v -4.4 5.9 -2.4
v -4.4 6 -2.4
v 2.7 2.8 -2.8
v 2.7 3.4 -2.8
v 2.8 2.9 -2.8
v 2.8 3.3 -2.8
v 2.9 2.9 -2.8
v 2.9 3.3 -2.8
v 3 2.9 -2.8
v 3 3.3 -2.8
v 3.1 2.9 -2.8
v 3.1 3.3 -2.8
v 3.2 2.9 -2.8
v 3.2 3.3 -2.8
v 3.3 2.9 -2.8
v 3.3 3.3 -2.8
v 3.4 2.8 -2.8
v 3.4 3.4 -2.8
v 4.6 1.9 -2.8
v 4.6 2.5 -2.8
v 4.7 2 -2.8
v 4.7 2.4 -2.8
v 5 2 -2.8
v 5 2.4 -2.8
v 5.1 1.9 -2.8
v 5.1 2.5 -2.8
v 1.9 3.7 -2.9
v 1.9 4.4 -2.9
v 2 3.7 -2.9
v 2 4.4 -2.9
v 2.2 3.7 -2.9
v 2.2 4.4 -2.9
v 2.3 3.7 -2.9
v 2.3 4.4 -2.9
v 2.8 2.9 -2.9
v 2.8 3.3 -2.9
v 2.9 2.9 -2.9
v 2.9 3.3 -2.9
v 3 2.9 -2.9
v 3 3.3 -2.9
v 3.1 2.9 -2.9
v 3.1 3.3 -2.9
v 3.2 2.9 -2.9
v 3.2 3.3 -2.9
v 3.3 2.9 -2.9
v 3.3 3.3 -2.9
v -1.9 0.1 -3
v -1.9 3.4 -3
v -1.8 0.1 -3
v -1.8 3.4 -3
v 1.9 0.1 -3
v 1.9 3.7 -3
v 2 0.1 -3
v 2 3.7 -3
v 2.2 0.1 -3
v 2.2 3.7 -3
v 2.3 0.1 -3
v 2.3 3.7 -3
v 0.0999999 0.1 -3.1
v 0.0999999 3.4 -3.1
v 0.2 0.1 -3.1
v 0.2 3.4 -3.1
v 1 3.8 -3.1
v 1 4.4 -3.1
v 1.3 3.8 -3.1
v 1.3 4.4 -3.1
v 1.9 4.4 -3.2
v 1.9 4.5 -3.2
v 1.9 4.6 -3.2
v 2 4.4 -3.2
v 2 4.5 -3.2
v 2 4.6 -3.2
v 2.2 4.4 -3.2
v 2.2 4.5 -3.2
v 2.2 4.6 -3.2
v 2.3 4.4 -3.2
v 2.3 4.5 -3.2
v 2.3 4.6 -3.2
v 3.4 3.1 -3.2
v 3.4 3.2 -3.2
v 4.2 3.1 -3.2
v 4.2 3.2 -3.2
v -5.8 3.9 -3.3
v -5.8 4.2 -3.3
v 1 0.1 -3.3
v 1 3.8 -3.3
v 1 3.9 -3.3
v 1.3 0.1 -3.3
v 1.3 3.8 -3.3
v 1.3 3.9 -3.3
v 5.8 4.1 -3.3
v 5.8 4.2 -3.3
v 5.9 3.9 -3.3
v 5.9 4.1 -3.3
v -1.8 0.2 -3.4
v -1.8 0.3 -3.4
v -1.8 0.5 -3.4
v -1.8 0.6 -3.4
v -1.8 0.8 -3.4
v -1.8 0.9 -3.4
v -1.8 1.1 -3.4
v -1.8 1.2 -3.4
v -1.8 1.4 -3.4
v -1.8 1.5 -3.4
v -1.8 1.7 -3.4
v -1.8 1.8 -3.4
v -1.8 2 -3.4
v -1.8 2.1 -3.4
v -1.8 2.3 -3.4
v -1.8 2.4 -3.4
v -1.8 2.6 -3.4
v -1.8 2.7 -3.4
v -1.8 2.9 -3.4
v -1.8 3 -3.4
v -1.8 3.2 -3.4
v -1.8 3.3 -3.4
v 0.0999999 0.2 -3.4
v 0.0999999 0.3 -3.4
v 0.0999999 0.5 -3.4
v 0.0999999 0.6 -3.4
v 0.0999999 0.8 -3.4
v 0.0999999 0.9 -3.4
v 0.0999999 1.1 -3.4
v 0.0999999 1.2 -3.4
v 0.0999999 1.4 -3.4
v 0.0999999 1.5 -3.4
v 0.0999999 1.7 -3.4
v 0.0999999 1.8 -3.4
v 0.0999999 2 -3.4
v 0.0999999 2.1 -3.4
v 0.0999999 2.3 -3.4
v 0.0999999 2.4 -3.4
v 0.0999999 2.6 -3.4
v 0.0999999 2.7 -3.4
v 0.0999999 2.9 -3.4
v 0.0999999 3 -3.4
v 0.0999999 3.2 -3.4
v 0.0999999 3.3 -3.4
v 3.4 2.9 -3.4
v 3.4 3 -3.4
v 3.9 2.9 -3.4
v 3.9 3 -3.4
v -5.7 4.6 -3.5
v -5.7 4.8 -3.5
v -5.4 4.6 -3.5
v -5.4 4.8 -3.5
v -5.2 4.6 -3.5
v -5.2 4.8 -3.5
v -4.9 4.6 -3.5
v -4.9 4.8 -3.5
v -4.7 4.6 -3.5
v -4.7 4.8 -3.5
v -4.4 4.6 -3.5
v -4.4 4.8 -3.5
v -4.2 4.6 -3.5
v -4.2 4.8 -3.5
v -3.9 4.6 -3.5
v -3.9 4.8 -3.5
v -3.7 4.6 -3.5
v -3.7 4.8 -3.5
v -3.4 4.6 -3.5
v -3.4 4.8 -3.5
v -3.2 4.6 -3.5
v -3.2 4.8 -3.5
v -2.9 4.6 -3.5
v -2.9 4.8 -3.5
v 2.5 2.2 -3.5
v 2.5 2.6 -3.5
v 2.7 1.6 -3.5
v 2.7 2 -3.5
v 2.8 2.2 -3.5
v 2.8 2.6 -3.5
v 3 1.6 -3.5
v 3 2 -3.5
v -5.6 3 -3.6
v -5.6 3.4 -3.6
v -5.2 3 -3.6
v -5.2 3.4 -3.6
v 4.6 0.1 -3.7
v 4.6 0.4 -3.7
v 5 0.1 -3.7
v 5 0.4 -3.7
v -5.9 4.8 -3.8
v -5.9 4.9 -3.8
v -5.9 6 -3.8
v -5.8 1.1 -3.8
v -5.8 4.6 -3.8
v -5.8 4.8 -3.8
v -5.8 4.9 -3.8
v -5.8 5.9 -3.8
v -5.6 3 -3.8
v -5.6 3.4 -3.8
v -5.3 1.1 -3.8
v -5.3 2 -3.8
v -5.2 3 -3.8
v -5.2 3.4 -3.8
v -4.5 5.9 -3.8
v -4.5 6 -3.8
v -4.3 1.1 -3.8
v -4.3 2 -3.8
v -3.4 1.4 -3.8
v -3.4 1.5 -3.8
v -3.4 1.7 -3.8
v -3.4 1.8 -3.8
v -3.4 2 -3.8
v -3.4 2.1 -3.8
v -3.3 1.4 -3.8
v -3.3 1.5 -3.8
v -3.3 1.7 -3.8
v -3.3 1.8 -3.8
v -3.3 2 -3.8
v -3.3 2.1 -3.8
v -3.2 0.1 -3.8
v -3.2 1 -3.8
v -3.2 1.1 -3.8
v -1.9 0.1 -3.8
v -1.9 3.4 -3.8
v -1.9 4.3 -3.8
v -1.9 4.4 -3.8
v -1.8 3.4 -3.8
v -1.8 4.3 -3.8
v -1.8 4.4 -3.8
v -1.5 4.3 -3.8
v -1.5 4.4 -3.8
v -1.4 4.3 -3.8
v -1.4 4.4 -3.8
v 0.0999999 3.4 -3.8
v 0.2 0.1 -3.8
v 0.2 3.4 -3.8
v 0.3 0.1 -3.8
v 0.4 0.1 -3.8
v 1 0.1 -3.8
v 1 4 -3.8
v 1 4.3 -3.8
v 1 4.4 -3.8
v 1.3 0.1 -3.8
v 1.3 4 -3.8
v 1.3 4.3 -3.8
v 1.3 4.4 -3.8
v 2.5 2.2 -3.8
v 2.5 2.6 -3.8
v 2.7 1.6 -3.8
v 2.7 2 -3.8
v 2.7 2.8 -3.8
v 2.7 3.4 -3.8
v 2.8 2.2 -3.8
v 2.8 2.6 -3.8
v 2.8 4.6 -3.8
v 3 1.6 -3.8
v 3 2 -3.8
v 3.4 2.8 -3.8
v 3.4 3.4 -3.8
v 3.8 2.9 -3.8
v 3.8 3 -3.8
v 3.9 2.9 -3.8
v 3.9 3 -3.8
v 4.1 1 -3.8
v 4.1 1.6 -3.8
v 4.1 3.1 -3.8
v 4.1 3.2 -3.8
v 4.2 1.1 -3.8
v 4.2 1.5 -3.8
v 4.2 3.1 -3.8
v 4.2 3.2 -3.8
v 4.5 0.1 -3.8
v 4.5 0.5 -3.8
v 4.5 1.1 -3.8
v 4.5 1.5 -3.8
v 4.6 1 -3.8
v 4.6 1.6 -3.8
v 4.6 1.9 -3.8
v 4.6 2.5 -3.8
v 4.7 2 -3.8
v 4.7 2.4 -3.8
v 5 2 -3.8
v 5 2.4 -3.8
v 5.1 0.1 -3.8
v 5.1 0.5 -3.8
v 5.1 1.9 -3.8
v 5.1 2.5 -3.8
v 5.2 0.1 -3.8
v 5.3 0.1 -3.8
v 5.7 0.1 -3.8
v 5.7 4.6 -3.8
v -1.8 0.1 -5.9
v -1.8 3.4 -5.9
v 0.0999999 0.1 -5.9
v 0.0999999 3.4 -5.9
v -5.8 4.3 5.5
v -5.8 4.4 5.5
v -1.9 4.3 5.5
v -1.9 4.4 5.5
v -1.8 4.3 5.5
v -1.8 4.4 5.5
v -1.5 4.3 5.5
v -1.5 4.4 5.5
v -1.4 4.3 5.5
v -1.4 4.4 5.5
v 5.8 4.2 5.5
v 5.8 4.3 5.5
v 5.9 4.2 5.5
v 5.9 4.4 5.5
v -4.8 2.2 5.4
v -4.8 2.6 5.4
v -1.7 2.2 5.4
v -1.7 2.6 5.4
v -3.8 0.1 5.3
v -3.8 0.6 5.3
v -3.7 0.1 5.3
v -3.7 0.5 5.3
v -2 0.1 5.3
v -2 0.5 5.3
v -1.9 0.1 5.3
v -1.9 0.6 5.3
v -1.1 0.1 5.3
v -1.1 0.6 5.3
v -1 0.1 5.3
v -1 0.5 5.3
v 0.7 0.1 5.3
v 0.7 0.5 5.3
v 0.8 0.1 5.3
v 0.8 0.6 5.3
v 1.5 0.1 5.3
v 1.5 0.6 5.3
v 1.6 0.1 5.3
v 1.6 0.5 5.3
v 3.3 0.1 5.3
v 3.3 0.5 5.3
v 3.4 0.1 5.3
v 3.4 0.6 5.3
v -5.8 4.1 5.1
v -5.8 4.2 5.1
v 5.8 4.1 5.1
v 5.8 4.2 5.1
v -5.8 4.1 4.7
v -5.8 4.2 4.7
v 5.8 4.1 4.7
v 5.8 4.2 4.7
v -5.8 0.1 4.4
v -5.8 2.7 4.4
v -4.4 0.1 4.4
v -4.4 2.1 4.4
v -1.7 2.1 4.4
v -1.7 2.7 4.4
v -5.8 4.1 4.3
v -5.8 4.2 4.3
v 5.8 4.1 4.3
v 5.8 4.2 4.3
v -0.6 0.6 3.9
v -0.6 0.7 3.9
v -0.5 0.6 3.9
v -0.5 0.7 3.9
v -0.6 0.1 3.8
v -0.6 0.6 3.8
v -0.5 0.1 3.8
v -0.5 0.6 3.8
v -0.7 0.6 3.7
v -0.7 0.7 3.7
v -0.4 0.6 3.7
v -0.4 0.7 3.7
v 2 0.4 3.6
v 2 0.5 3.6
v 2.1 0.4 3.6
v 2.1 0.5 3.6
v -1.5 4.2 3.5
v -1.5 4.4 3.5
v -1.4 4.2 3.5
v -1.4 4.4 3.5
v 2 0.1 3.5
v 2 0.4 3.5
v 2.1 0.1 3.5
v 2.1 0.4 3.5
v -1.9 4.2 3.4
v -1.9 4.4 3.4
v -1.8 4.2 3.4
v -1.8 4.4 3.4
v 1.9 0.4 3.4
v 1.9 0.5 3.4
v 2.2 0.4 3.4
v 2.2 0.5 3.4
v -5.8 1.4 3.3
v -5.8 1.5 3.3
v -5.8 1.7 3.3
v -5.8 1.8 3.3
v -5.8 2 3.3
v -5.8 2.1 3.3
v -3.4 1.1 3.3
v -3.4 1.4 3.3
v -3.4 1.5 3.3
v -3.4 1.7 3.3
v -3.4 1.8 3.3
v -3.4 2 3.3
v -3.4 2.1 3.3
v -3.3 1.1 3.3
v -3.3 1.4 3.3
v -3.3 1.5 3.3
v -3.3 1.7 3.3
v -3.3 1.8 3.3
v -3.3 2 3.3
v 4.8 1 3.1
v 4.8 1.1 3.1
v 4.9 1 3.1
v 4.9 1.1 3.1
v 4.8 0.1 3
v 4.8 1 3
v 4.9 0.1 3
v 4.9 1 3
v 4.7 1 2.9
v 4.7 1.1 2.9
v 5 1 2.9
v 5 1.1 2.9
v -0.5 4.6 2.8
v -0.5 4.7 2.8
v 0.4 4.6 2.8
v 0.4 4.7 2.8
v 3.6 4.6 2.8
v 3.6 4.7 2.8
v 4.5 4.6 2.8
v 4.5 4.7 2.8
v -5.2 4.5 2.7
v -5.2 4.6 2.7
v -4.9 4.5 2.7
v -4.9 4.6 2.7
v -0.3 4.6 2.6
v -0.3 4.7 2.6
v -0.2 4.6 2.6
v -0.2 4.7 2.6
v 0.0999999 4.6 2.6
v 0.0999999 4.7 2.6
v 0.2 4.6 2.6
v 0.2 4.7 2.6
v 3.8 4.6 2.6
v 3.8 4.7 2.6
v 3.9 4.6 2.6
v 3.9 4.7 2.6
v 4.2 4.6 2.6
v 4.2 4.7 2.6
v 4.3 4.6 2.6
v 4.3 4.7 2.6
v -0.3 4.6 2.4
v -0.3 4.7 2.4
v -0.2 4.6 2.4
v -0.2 4.7 2.4
v 0.0999999 4.6 2.4
v 0.0999999 4.7 2.4
v 0.2 4.6 2.4
v 0.2 4.7 2.4
v 3.8 4.6 2.4
v 3.8 4.7 2.4
v 3.9 4.6 2.4
v 3.9 4.7 2.4
v 4.2 4.6 2.4
v 4.2 4.7 2.4
v 4.3 4.6 2.4
v 4.3 4.7 2.4
v -5.3 4.5 2.3
v -5.3 4.6 2.3
v -5.2 1.1 2.3
v -5.2 3.5 2.3
v -5.1 1.1 2.3
v -5 1.1 2.3
v -4.8 4.5 2.3
v -4.8 4.6 2.3
v -4.3 1.1 2.3
v -4.3 2.8 2.3
v -4.3 2.9 2.3
v -4.3 3 2.3
v -4.3 3.1 2.3
v -4.3 3.2 2.3
v -4.3 3.3 2.3
v -4.3 3.4 2.3
v -4.2 1.1 2.3
v -4.2 2.8 2.3
v -4.2 2.9 2.3
v -4.2 3 2.3
v -4.2 3.1 2.3
v -4.2 3.2 2.3
v -4.2 3.3 2.3
v -4.2 3.4 2.3
v -4.1 1.1 2.3
v -4.1 3.5 2.3
v -0.4 4.6 2.2
v -0.4 4.7 2.2
v 0.3 4.6 2.2
v 0.3 4.7 2.2
v 3.7 4.6 2.2
v 3.7 4.7 2.2
v 4.4 4.6 2.2
v 4.4 4.7 2.2
v 2.5 0.9 2.1
v 2.5 1 2.1
v 3.1 0.9 2.1
v 3.1 1 2.1
v -3.4 1.1 2
v -3.4 2.1 2
v -3.3 1.1 2
v -3.3 2.1 2
v 3.2 0.4 1.9
v 3.2 0.8 1.9
v 3.3 0.4 1.9
v 3.3 0.8 1.9
v -5.4 1.1 1.3
v -5.4 3.6 1.3
v -5.1 1.1 1.3
v -5 1.1 1.3
v -4.1 1.1 1.3
v -4.1 3.6 1.3
v 1.7 3.7 1.1
v 1.7 3.8 1.1
v 1.8 3.7 1.1
v 1.8 3.8 1.1
v -5.8 4.3 1
v -5.8 4.4 1
v -1.1 4.3 1
v -1.1 4.4 1
v 1.7 3.8 1
v 1.7 4.5 1
v 1.7 4.6 1
v 1.8 3.8 1
v 1.8 4.5 1
v 1.8 4.6 1
v 1.6 3.7 0.9
v 1.6 3.8 0.9
v 1.9 3.7 0.9
v 1.9 3.8 0.9
v 1.7 0.1 0.8
v 1.7 1 0.8
v 3.3 0.1 0.8
v 3.3 1 0.8
v 3 3.9 0.6
v 3 4 0.6
v 3.1 3.9 0.6
v 3.1 4 0.6
v -3.2 0.1 0.5
v -3.2 1 0.5
v -3.2 1.1 0.5
v -3 0.8 0.5
v -3 0.9 0.5
v -3 1 0.5
v -3 1.1 0.5
v -2.7 0.6 0.5
v -2.7 0.7 0.5
v -2.7 0.8 0.5
v -2.7 0.9 0.5
v -2.4 0.4 0.5
v -2.4 0.5 0.5
v -2.4 0.6 0.5
v -2.4 0.7 0.5
v -2.1 0.2 0.5
v -2.1 0.3 0.5
v -2.1 0.4 0.5
v -2.1 0.5 0.5
v -1.8 0.1 0.5
v -1.8 0.2 0.5
v -1.8 0.3 0.5
v 3 4 0.5
v 3 4.6 0.5
v 3.1 4 0.5
v 3.1 4.6 0.5
v -3.4 1.1 0.4
v -3.4 1.4 0.4
v -3.4 1.5 0.4
v -3.4 1.7 0.4
v -3.4 1.8 0.4
v -3.4 2 0.4
v -3.3 1.1 0.4
v -3.3 1.4 0.4
v -3.3 1.5 0.4
v -3.3 1.7 0.4
v -3.3 1.8 0.4
v -3.3 2 0.4
v 0.8 4.2 0.4
v 0.8 4.3 0.4
v 0.9 4.2 0.4
v 0.9 4.3 0.4
v 2.9 3.9 0.4
v 2.9 4 0.4
v 3.2 3.9 0.4
v 3.2 4 0.4
v 0.8 4.3 0.3
v 0.8 4.5 0.3
v 0.8 4.6 0.3
v 0.9 4.3 0.3
v 0.9 4.5 0.3
v 0.9 4.6 0.3
v 0.7 4.2 0.2
v 0.7 4.3 0.2
v 1 4.2 0.2
v 1 4.3 0.2
v -1.1 4.3 -0.1
v -1.1 4.4 -0.1
v 5.8 4.2 -0.1
v 5.8 4.3 -0.1
v 5.9 4.2 -0.1
v 5.9 4.4 -0.1
v 1.9 3.4 -0.6
v 1.9 3.5 -0.6
v 2 3.4 -0.6
v 2 3.5 -0.6
v -5.3 2.8 -0.7
v -5.3 3.5 -0.7
v -5.2 2.8 -0.7
v -5.2 3.5 -0.7
v 1.9 3.5 -0.7
v 1.9 4.5 -0.7
v 1.9 4.6 -0.7
v 2 3.5 -0.7
v 2 4.5 -0.7
v 2 4.6 -0.7
v 1.8 3.4 -0.8
v 1.8 3.5 -0.8
v 2.1 3.4 -0.8
v 2.1 3.5 -0.8
v -5.3 2.8 -1
v -5.3 3.5 -1
v -5.2 2.8 -1
v -5.2 3.5 -1
v 4.5 0.1 -1.2
v 4.5 0.4 -1.2
v 4.6 0.1 -1.2
v 4.6 0.3 -1.2
v 5 0.1 -1.2
v 5 0.3 -1.2
v 5.1 0.1 -1.2
v 5.1 0.4 -1.2
v -5.3 2.8 -1.3
v -5.3 3.5 -1.3
v -5.2 2.8 -1.3
v -5.2 3.5 -1.3
v -2.4 0.4 -1.5
v -2.4 0.5 -1.5
v -2.3 0.4 -1.5
v -2.3 0.5 -1.5
v -5.3 2.8 -1.6
v -5.3 3.5 -1.6
v -5.2 2.8 -1.6
v -5.2 3.5 -1.6
v -2.4 0.1 -1.6
v -2.4 0.4 -1.6
v -2.3 0.1 -1.6
v -2.3 0.4 -1.6
v -2.5 0.4 -1.7
v -2.5 0.5 -1.7
v -2.2 0.4 -1.7
v -2.2 0.5 -1.7
v -1.9 4.1 -1.7
v -1.9 4.3 -1.7
v -1.8 4.1 -1.7
v -1.8 4.3 -1.7
v -1.5 4.1 -1.7
v -1.5 4.3 -1.7
v -1.4 4.1 -1.7
v -1.4 4.3 -1.7
v -5.3 2.8 -1.9
v -5.3 3.5 -1.9
v -5.2 2.8 -1.9
v -5.2 3.5 -1.9
v -5.7 4.6 -2
v -5.7 4.8 -2
v -5.4 4.6 -2
v -5.4 4.8 -2
v -5.2 4.6 -2
v -5.2 4.8 -2
v -4.9 4.6 -2
v -4.9 4.8 -2
v -4.7 4.6 -2
v -4.7 4.8 -2
v -4.4 4.6 -2
v -4.4 4.8 -2
v -4.2 4.6 -2
v -4.2 4.8 -2
v -3.9 4.6 -2
v -3.9 4.8 -2
v -3.7 4.6 -2
v -3.7 4.8 -2
v -3.4 4.6 -2
v -3.4 4.8 -2
v -3.2 4.6 -2
v -3.2 4.8 -2
v -2.9 4.6 -2
v -2.9 4.8 -2
v -5.3 2.8 -2.2
v -5.3 3.5 -2.2
v -5.2 2.8 -2.2
v -5.2 3.5 -2.2
v -5.8 2.6 -2.6
v -5.8 3.7 -2.6
v -5.2 2.6 -2.6
v -5.2 3.7 -2.6
v 1.9 3.8 -3
v 1.9 4.3 -3
v 2 3.8 -3
v 2 4.3 -3
v 2.2 3.8 -3
v 2.2 4.3 -3
v 2.3 3.8 -3
v 2.3 4.3 -3
v 1.9 0.1 -3.1
v 1.9 3.8 -3.1
v 2 0.1 -3.1
v 2 3.8 -3.1
v 2.2 0.1 -3.1
v 2.2 3.8 -3.1
v 2.3 0.1 -3.1
v 2.3 3.8 -3.1
v 1 3.9 -3.2
v 1 4.3 -3.2
v 1.3 3.9 -3.2
v 1.3 4.3 -3.2
v 1.9 4.3 -3.3
v 1.9 4.5 -3.3
v 1.9 4.6 -3.3
v 2 4.3 -3.3
v 2 4.5 -3.3
v 2 4.6 -3.3
v 2.2 4.3 -3.3
v 2.2 4.5 -3.3
v 2.2 4.6 -3.3
v 2.3 4.3 -3.3
v 2.3 4.5 -3.3
v 2.3 4.6 -3.3
v 3.4 3.1 -3.3
v 3.4 3.2 -3.3
v 4.1 3.1 -3.3
v 4.1 3.2 -3.3
v -1.8 0.2 -3.5
v -1.8 0.3 -3.5
v -1.8 0.5 -3.5
v -1.8 0.6 -3.5
v -1.8 0.8 -3.5
v -1.8 0.9 -3.5
v -1.8 1.1 -3.5
v -1.8 1.2 -3.5
v -1.8 1.4 -3.5
v -1.8 1.5 -3.5
v -1.8 1.7 -3.5
v -1.8 1.8 -3.5
v -1.8 2 -3.5
v -1.8 2.1 -3.5
v -1.8 2.3 -3.5
v -1.8 2.4 -3.5
v -1.8 2.6 -3.5
v -1.8 2.7 -3.5
v -1.8 2.9 -3.5
v -1.8 3 -3.5
v -1.8 3.2 -3.5
v -1.8 3.3 -3.5
v 0.0999999 0.2 -3.5
v 0.0999999 0.3 -3.5
v 0.0999999 0.5 -3.5
v 0.0999999 0.6 -3.5
v 0.0999999 0.8 -3.5
v 0.0999999 0.9 -3.5
v 0.0999999 1.1 -3.5
v 0.0999999 1.2 -3.5
v 0.0999999 1.4 -3.5
v 0.0999999 1.5 -3.5
v 0.0999999 1.7 -3.5
v 0.0999999 1.8 -3.5
v 0.0999999 2 -3.5
v 0.0999999 2.1 -3.5
v 0.0999999 2.3 -3.5
v 0.0999999 2.4 -3.5
v 0.0999999 2.6 -3.5
v 0.0999999 2.7 -3.5
v 0.0999999 2.9 -3.5
v 0.0999999 3 -3.5
v 0.0999999 3.2 -3.5
v 0.0999999 3.3 -3.5
v 3.4 2.9 -3.5
v 3.4 3 -3.5
v 3.8 2.9 -3.5
v 3.8 3 -3.5
v -5.8 3.9 -3.6
v -5.8 4.2 -3.6
v 1 3.9 -3.6
v 1 4 -3.6
v 1.3 3.9 -3.6
v 1.3 4 -3.6
v 5.9 3.9 -3.6
v 5.9 4.2 -3.6
v -5.9 0 -3.9
v -5.9 0.1 -3.9
v -5.9 4.9 -3.9
v -5.9 6 -3.9
v -5.8 4.8 -3.9
v -5.8 4.9 -3.9
v -5.8 5.9 -3.9
v -4.4 5.9 -3.9
v -4.4 6 -3.9
v -3.8 0 -3.9
v -3.8 0.1 -3.9
v -3.7 0 -3.9
v -3.7 0.1 -3.9
v -1.9 0 -3.9
v -1.9 0.1 -3.9
v -1.9 3.5 -3.9
v 0.2 0 -3.9
v 0.2 0.1 -3.9
v 0.2 3.5 -3.9
v 0.3 0 -3.9
v 0.3 0.1 -3.9
v 0.4 0 -3.9
v 0.4 0.1 -3.9
v 5.2 0 -3.9
v 5.2 0.1 -3.9
v 5.3 0 -3.9
v 5.3 0.1 -3.9
v 5.7 0 -3.9
v 5.7 0.1 -3.9
v 5.7 4.8 -3.9
v -1.9 0 -6.1
v -1.9 3.5 -6.1
v 0.2 0 -6.1
v 0.2 3.5 -6.1
v -5.9 0 6
v -5.4 0 6
v -5.3 0 6
v -0.9 0 6
v -0.8 0 6
v 3.6 0 6
v 3.7 0 6
v 5.7 0 6
v -5.9 0 5.6
v -5.4 0 5.6
v -5.3 0 5.6
v -0.9 0 5.6
v -0.8 0 5.6
v 3.6 0 5.6
v 3.7 0 5.6
v 5.7 0 5.6
v -5.9 0 5.5
v -4.1 0 5.5
v -4 0 5.5
v -0.3 0 5.5
v -0.2 0 5.5
v 4.5 0 5.5
v 4.6 0 5.5
v 5.7 0 5.5
v -5.9 0 5.1
v -4.1 0 5.1
v -4 0 5.1
v -0.3 0 5.1
v -0.2 0 5.1
v 4.5 0 5.1
v 4.6 0 5.1
v 5.7 0 5.1
v -5.9 0 5
v -5.2 0 5
v -5.1 0 5
v 0.3 0 5
v 0.4 0 5
v 5.1 0 5
v 5.2 0 5
v 5.7 0 5
v -5.9 0 4.5
v -5.2 0 4.5
v -5.1 0 4.5
v 0.3 0 4.5
v 0.4 0 4.5
v 5.1 0 4.5
v 5.2 0 4.5
v 5.7 0 4.5
v -5.9 0 4.4
v -4.3 0 4.4
v -4.2 0 4.4
v -0.5 0 4.4
v -0.4 0 4.4
v 4.3 0 4.4
v 4.4 0 4.4
v 5.7 0 4.4
v -5.9 0 3.8
v -4.3 0 3.8
v -4.2 0 3.8
v -0.5 0 3.8
v -0.4 0 3.8
v 4.3 0 3.8
v 4.4 0 3.8
v 5.7 0 3.8
v -5.9 0 3.7
v -5.7 0 3.7
v -5.6 0 3.7
v 0.4 0 3.7
v 0.5 0 3.7
v 4.9 0 3.7
v 5 0 3.7
v 5.7 0 3.7
v -5.9 0 3.3
v -5.7 0 3.3
v -5.6 0 3.3
v 0.4 0 3.3
v 0.5 0 3.3
v 4.9 0 3.3
v 5 0 3.3
v 5.7 0 3.3
v -5.9 0 3.2
v -3.3 0 3.2
v -3.2 0 3.2
v -1.1 0 3.2
v -1 0 3.2
v 3.3 0 3.2
v 3.4 0 3.2
v 5.7 0 3.2
v 3.3 0 2.9
v 3.4 0 2.9
v 3.5 0 2.9
v -5.9 0 2.7
v -3.3 0 2.7
v -3.2 0 2.7
v -1.1 0 2.7
v -1 0 2.7
v 3.4 0 2.7
v 3.5 0 2.7
v 5.7 0 2.7
v -5.9 0 2.6
v -4.4 0 2.6
v -4.3 0 2.6
v 0.8 0 2.6
v 0.9 0 2.6
v 4.7 0 2.6
v 4.8 0 2.6
v 5.7 0 2.6
v -5.9 0 2.1
v -4.4 0 2.1
v -4.3 0 2.1
v 0.8 0 2.1
v 0.9 0 2.1
v 4.7 0 2.1
v 4.8 0 2.1
v 5.7 0 2.1
v -5.9 0 2
v -5.2 0 2
v -5.1 0 2
v -0.2 0 2
v -0.0999999 0 2
v 3.3 0 2
v 3.4 0 2
v 5.7 0 2
v -5.9 0 1.5
v -5.2 0 1.5
v -5.1 0 1.5
v -0.2 0 1.5
v -0.0999999 0 1.5
v 3.3 0 1.5
v 3.4 0 1.5
v 5.7 0 1.5
v -5.9 0 1.4
v -4.1 0 1.4
v -4 0 1.4
v 0.8 0 1.4
v 0.9 0 1.4
v 5.1 0 1.4
v 5.2 0 1.4
v 5.7 0 1.4
v -5.9 0 0.9
v -4.1 0 0.9
v -4 0 0.9
v 0.8 0 0.9
v 0.9 0 0.9
v 5.1 0 0.9
v 5.2 0 0.9
v 5.7 0 0.9
v -5.9 0 0.8
v -4.9 0 0.8
v -4.8 0 0.8
v -0.7 0 0.8
v -0.6 0 0.8
v 3.9 0 0.8
v 4 0 0.8
v 5.7 0 0.8
v -5.9 0 0.2
v -4.9 0 0.2
v -4.8 0 0.2
v -0.7 0 0.2
v -0.6 0 0.2
v 3.9 0 0.2
v 4 0 0.2
v 5.7 0 0.2
v -5.9 0 0.0999999
v -3.5 0 0.0999999
v -3.4 0 0.0999999
v 1.3 0 0.0999999
v 1.4 0 0.0999999
v 4.7 0 0.0999999
v 4.8 0 0.0999999
v 5.7 0 0.0999999
v -5.9 0 -0.3
v -3.5 0 -0.3
v -3.4 0 -0.3
v 1.3 0 -0.3
v 1.4 0 -0.3
v 4.7 0 -0.3
v 4.8 0 -0.3
v 5.7 0 -0.3
v -5.9 0 -0.4
v -4.8 0 -0.4
v -4.7 0 -0.4
v -0.4 0 -0.4
v -0.3 0 -0.4
v 5 0 -0.4
v 5.1 0 -0.4
v 5.7 0 -0.4
v -5.9 0 -1
v -4.8 0 -1
v -4.7 0 -1
v -0.4 0 -1
v -0.3 0 -1
v 5 0 -1
v 5.1 0 -1
v 5.7 0 -1
v -5.9 0 -1.1
v -5.2 0 -1.1
v -5.1 0 -1.1
v -1 0 -1.1
v -0.9 0 -1.1
v 3.9 0 -1.1
v 4 0 -1.1
v 5.7 0 -1.1
v -5.9 0 -1.6
v -5.2 0 -1.6
v -5.1 0 -1.6
v -1 0 -1.6
v -0.9 0 -1.6
v 3.9 0 -1.6
v 4 0 -1.6
v 5.7 0 -1.6
v -5.9 0 -1.7
v -3.6 0 -1.7
v -3.5 0 -1.7
v 0.9 0 -1.7
v 1 0 -1.7
v 5.2 0 -1.7
v 5.3 0 -1.7
v 5.7 0 -1.7
v -5.9 0 -2.2
v -3.6 0 -2.2
v -3.5 0 -2.2
v 0.9 0 -2.2
v 1 0 -2.2
v 5.2 0 -2.2
v 5.3 0 -2.2
v 5.7 0 -2.2
v -5.9 0 -2.3
v -3.3 0 -2.3
v -3.2 0 -2.3
v 1.3 0 -2.3
v 1.4 0 -2.3
v 5.3 0 -2.3
v 5.4 0 -2.3
v 5.7 0 -2.3
v -5.9 0 -2.8
v -3.3 0 -2.8
v -3.2 0 -2.8
v 1.3 0 -2.8
v 1.4 0 -2.8
v 5.3 0 -2.8
v 5.4 0 -2.8
v 5.7 0 -2.8
v -5.9 0 -2.9
v -4.5 0 -2.9
v -4.4 0 -2.9
v -0.5 0 -2.9
v -0.4 0 -2.9
v 4.5 0 -2.9
v 4.6 0 -2.9
v 5.7 0 -2.9
v -5.9 0 -3.4
v -4.5 0 -3.4
v -4.4 0 -3.4
v -0.5 0 -3.4
v -0.4 0 -3.4
v 4.5 0 -3.4
v 4.6 0 -3.4
v 5.7 0 -3.4
v -5.9 0 -3.5
v -3.8 0 -3.5
v -3.7 0 -3.5
v 0.3 0 -3.5
v 0.4 0 -3.5
v 5.2 0 -3.5
v 5.3 0 -3.5
v 5.7 0 -3.5
v -5.9 0 -3.9
v -3.8 0 -3.9
v -3.7 0 -3.9
v -1.9 0 -3.9
v 0.2 0 -3.9
v 0.3 0 -3.9
v 0.4 0 -3.9
v 5.2 0 -3.9
v 5.3 0 -3.9
v 5.7 0 -3.9
v -1.9 0 -6.1
v 0.2 0 -6.1
v -1.8 0.2 -3.4
v 0.0999999 0.2 -3.4
v -1.8 0.2 -3.5
v 0.0999999 0.2 -3.5
v 4.6 0.3 -0.6
v 5 0.3 -0.6
v 4.6 0.3 -1.2
v 5 0.3 -1.2
v 1.9 0.4 3.7
v 2.2 0.4 3.7
v 2 0.4 3.6
v 2.1 0.4 3.6
v 2 0.4 3.5
v 2.1 0.4 3.5
v 1.9 0.4 3.4
v 2.2 0.4 3.4
v -2.5 0.4 -1.4
v -2.2 0.4 -1.4
v -2.4 0.4 -1.5
v -2.3 0.4 -1.5
v -2.4 0.4 -1.6
v -2.3 0.4 -1.6
v -2.5 0.4 -1.7
v -2.2 0.4 -1.7
v 4.6 0.4 -2.3
v 5 0.4 -2.3
v 4.6 0.4 -3.7
v 5 0.4 -3.7
v -3.7 0.5 5.4
v -2 0.5 5.4
v -1 0.5 5.4
v 0.7 0.5 5.4
v 1.6 0.5 5.4
v 3.3 0.5 5.4
v -3.7 0.5 5.3
v -2 0.5 5.3
v -1 0.5 5.3
v 0.7 0.5 5.3
v 1.6 0.5 5.3
v 3.3 0.5 5.3
v -1.8 0.5 -3.4
v 0.0999999 0.5 -3.4
v -1.8 0.5 -3.5
v 0.0999999 0.5 -3.5
v -0.7 0.6 4
v -0.4 0.6 4
v -0.6 0.6 3.9
v -0.5 0.6 3.9
v -0.6 0.6 3.8
v -0.5 0.6 3.8
v -0.7 0.6 3.7
v -0.4 0.6 3.7
v 3.2 0.8 1.9
v 3.3 0.8 1.9
v 3.2 0.8 1.4
v 3.3 0.8 1.4
v -1.8 0.8 -3.4
v 0.0999999 0.8 -3.4
v -1.8 0.8 -3.5
v 0.0999999 0.8 -3.5
v 2.2 0.9 2.2
v 2.6 0.9 2.2
v 2.2 0.9 2.1
v 2.6 0.9 2.1
v 4.7 1 3.2
v 5 1 3.2
v 4.8 1 3.1
v 4.9 1 3.1
v 4.8 1 3
v 4.9 1 3
v 4.7 1 2.9
v 5 1 2.9
v 4.1 1 -2.2
v 4.6 1 -2.2
v 4.1 1 -3.8
v 4.6 1 -3.8
v -1.8 1.1 -3.4
v 0.0999999 1.1 -3.4
v -1.8 1.1 -3.5
v 0.0999999 1.1 -3.5
v -5.8 1.4 3.4
v -3.4 1.4 3.4
v -5.8 1.4 3.3
v -3.4 1.4 3.3
v -3.3 1.4 3.3
v -3.4 1.4 2.1
v -3.3 1.4 2.1
v -3.4 1.4 0.4
v -3.3 1.4 0.4
v -1.8 1.4 -3.4
v 0.0999999 1.4 -3.4
v -1.8 1.4 -3.5
v 0.0999999 1.4 -3.5
v -3.4 1.4 -3.8
v -3.3 1.4 -3.8
v 4.2 1.5 -2.2
v 4.5 1.5 -2.2
v 4.2 1.5 -3.8
v 4.5 1.5 -3.8
v 2.7 1.6 -3.5
v 3 1.6 -3.5
v 2.7 1.6 -3.8
v 3 1.6 -3.8
v -5.8 1.7 3.4
v -3.4 1.7 3.4
v -5.8 1.7 3.3
v -3.4 1.7 3.3
v -3.3 1.7 3.3
v -3.4 1.7 2.1
v -3.3 1.7 2.1
v -3.4 1.7 0.4
v -3.3 1.7 0.4
v -1.8 1.7 -3.4
v 0.0999999 1.7 -3.4
v -1.8 1.7 -3.5
v 0.0999999 1.7 -3.5
v -3.4 1.7 -3.8
v -3.3 1.7 -3.8
v 4.6 1.9 -2.8
v 5.1 1.9 -2.8
v 4.6 1.9 -3.8
v 5.1 1.9 -3.8
v -5.8 2 3.4
v -3.4 2 3.4
v -5.8 2 3.3
v -3.4 2 3.3
v -3.3 2 3.3
v -3.4 2 2.1
v -3.3 2 2.1
v -3.4 2 0.4
v -3.3 2 0.4
v -1.8 2 -3.4
v 0.0999999 2 -3.4
v -1.8 2 -3.5
v 0.0999999 2 -3.5
v -3.4 2 -3.8
v -3.3 2 -3.8
v -4.4 2.1 5.5
v -1.7 2.1 5.5
v -4.4 2.1 4.4
v -1.7 2.1 4.4
v 2.5 2.2 -3.5
v 2.8 2.2 -3.5
v 2.5 2.2 -3.8
v 2.8 2.2 -3.8
v -1.8 2.3 -3.4
v 0.0999999 2.3 -3.4
v -1.8 2.3 -3.5
v 0.0999999 2.3 -3.5
v 4.7 2.4 -2.8
v 5 2.4 -2.8
v 4.7 2.4 -3.8
v 5 2.4 -3.8
v -4.8 2.6 5.4
v -1.7 2.6 5.4
v -4.8 2.6 4.5
v -1.7 2.6 4.5
v -5.8 2.6 -0.4
v -5.2 2.6 -0.4
v -5.8 2.6 -2.6
v -5.2 2.6 -2.6
v -1.8 2.6 -3.4
v 0.0999999 2.6 -3.4
v -1.8 2.6 -3.5
v 0.0999999 2.6 -3.5
v 2.7 2.8 -2.8
v 3.4 2.8 -2.8
v 2.7 2.8 -3.8
v 3.4 2.8 -3.8
v -4.3 2.9 2.3
v -4.2 2.9 2.3
v -4.3 2.9 1.4
v -4.2 2.9 1.4
v -1.8 2.9 -3.4
v 0.0999999 2.9 -3.4
v 3.4 2.9 -3.4
v 3.9 2.9 -3.4
v -1.8 2.9 -3.5
v 0.0999999 2.9 -3.5
v 3.4 2.9 -3.5
v 3.8 2.9 -3.5
v 3.8 2.9 -3.8
v 3.9 2.9 -3.8
v -5.6 3 -3.6
v -5.2 3 -3.6
v -5.6 3 -3.8
v -5.2 3 -3.8
v -4.3 3.1 2.3
v -4.2 3.1 2.3
v -4.3 3.1 1.4
v -4.2 3.1 1.4
v 3.4 3.1 -3.2
v 4.2 3.1 -3.2
v 3.4 3.1 -3.3
v 4.1 3.1 -3.3
v 4.1 3.1 -3.8
v 4.2 3.1 -3.8
v -1.8 3.2 -3.4
v 0.0999999 3.2 -3.4
v -1.8 3.2 -3.5
v 0.0999999 3.2 -3.5
v -4.3 3.3 2.3
v -4.2 3.3 2.3
v -4.3 3.3 1.4
v -4.2 3.3 1.4
v 2.8 3.3 -2.8
v 2.9 3.3 -2.8
v 3 3.3 -2.8
v 3.1 3.3 -2.8
v 3.2 3.3 -2.8
v 3.3 3.3 -2.8
v 2.8 3.3 -2.9
v 2.9 3.3 -2.9
v 3 3.3 -2.9
v 3.1 3.3 -2.9
v 3.2 3.3 -2.9
v 3.3 3.3 -2.9
v 1.8 3.4 -0.5
v 2.1 3.4 -0.5
v 1.9 3.4 -0.6
v 2 3.4 -0.6
v 1.9 3.4 -0.7
v 2 3.4 -0.7
v 1.8 3.4 -0.8
v 2.1 3.4 -0.8
v -1.8 3.4 -3.8
v 0.0999999 3.4 -3.8
v -1.8 3.4 -3.9
v 0.0999999 3.4 -3.9
v -1.8 3.4 -5.9
v 0.0999999 3.4 -5.9
v -5.2 3.5 2.3
v -4.1 3.5 2.3
v -5.2 3.5 1.4
v -4.1 3.5 1.4
v 1.9 3.5 -0.6
v 2 3.5 -0.6
v -5.3 3.5 -0.7
v -5.2 3.5 -0.7
v 1.9 3.5 -0.7
v 2 3.5 -0.7
v -5.3 3.5 -0.8
v -5.2 3.5 -0.8
v -5.3 3.5 -1
v -5.2 3.5 -1
v -5.3 3.5 -1.1
v -5.2 3.5 -1.1
v -5.3 3.5 -1.3
v -5.2 3.5 -1.3
v -5.3 3.5 -1.4
v -5.2 3.5 -1.4
v -5.3 3.5 -1.6
v -5.2 3.5 -1.6
v -5.3 3.5 -1.7
v -5.2 3.5 -1.7
v -5.3 3.5 -1.9
v -5.2 3.5 -1.9
v -5.3 3.5 -2
v -5.2 3.5 -2
v -5.3 3.5 -2.2
v -5.2 3.5 -2.2
v -5.3 3.5 -2.3
v -5.2 3.5 -2.3
v 1.6 3.7 1.2
v 1.9 3.7 1.2
v 1.7 3.7 1.1
v 1.8 3.7 1.1
v 1.7 3.7 1
v 1.8 3.7 1
v 1.6 3.7 0.9
v 1.9 3.7 0.9
v 1.9 3.7 -2.9
v 2 3.7 -2.9
v 2.2 3.7 -2.9
v 2.3 3.7 -2.9
v 1.9 3.7 -3
v 2 3.7 -3
v 2.2 3.7 -3
v 2.3 3.7 -3
v 1.7 3.8 1.1
v 1.8 3.8 1.1
v 1.7 3.8 1
v 1.8 3.8 1
v 1 3.8 -3.1
v 1.3 3.8 -3.1
v 1 3.8 -3.3
v 1.3 3.8 -3.3
v 2.9 3.9 0.7
v 3.2 3.9 0.7
v 3 3.9 0.6
v 3.1 3.9 0.6
v 3 3.9 0.5
v 3.1 3.9 0.5
v 2.9 3.9 0.4
v 3.2 3.9 0.4
v -5.8 3.9 -3.3
v 1 3.9 -3.3
v 1.3 3.9 -3.3
v 5.9 3.9 -3.3
v -5.8 3.9 -3.6
v 1 3.9 -3.6
v 1.3 3.9 -3.6
v 5.9 3.9 -3.6
v 3 4 0.6
v 3.1 4 0.6
v 3 4 0.5
v 3.1 4 0.5
v 5.8 4.1 5.6
v 5.9 4.1 5.6
v -5.8 4.1 5.2
v 5.8 4.1 5.2
v -5.8 4.1 5.1
v 5.8 4.1 5.1
v -5.8 4.1 4.8
v 5.8 4.1 4.8
v -5.8 4.1 4.7
v 5.8 4.1 4.7
v -5.8 4.1 4.4
v 5.8 4.1 4.4
v -5.8 4.1 4.3
v 5.8 4.1 4.3
v -1.9 4.1 3.6
v -1.8 4.1 3.6
v -1.5 4.1 3.6
v -1.4 4.1 3.6
v -1.9 4.1 -1.7
v -1.8 4.1 -1.7
v -1.5 4.1 -1.7
v -1.4 4.1 -1.7
v 5.8 4.1 -3.3
v 5.9 4.1 -3.3
v 0.7 4.2 0.5
v 1 4.2 0.5
v 0.8 4.2 0.4
v 0.9 4.2 0.4
v 0.8 4.2 0.3
v 0.9 4.2 0.3
v 0.7 4.2 0.2
v 1 4.2 0.2
v -5.8 4.3 5.6
v 5.8 4.3 5.6
v -5.8 4.3 5.5
v -1.9 4.3 5.5
v -1.8 4.3 5.5
v -1.5 4.3 5.5
v -1.4 4.3 5.5
v 5.8 4.3 5.5
v -1.9 4.3 3.6
v -1.8 4.3 3.6
v -1.5 4.3 3.6
v -1.4 4.3 3.6
v -5.8 4.3 1.1
v -1 4.3 1.1
v -5.8 4.3 1
v -1.1 4.3 1
v 0.8 4.3 0.4
v 0.9 4.3 0.4
v 0.8 4.3 0.3
v 0.9 4.3 0.3
v -1 4.3 0
v 5.8 4.3 0
v -1.1 4.3 -0.1
v 5.8 4.3 -0.1
v -1.9 4.3 -1.7
v -1.8 4.3 -1.7
v -1.5 4.3 -1.7
v -1.4 4.3 -1.7
v 1.9 4.3 -3
v 2 4.3 -3
v 2.2 4.3 -3
v 2.3 4.3 -3
v 1 4.3 -3.2
v 1.3 4.3 -3.2
v 1.9 4.3 -3.3
v 2 4.3 -3.3
v 2.2 4.3 -3.3
v 2.3 4.3 -3.3
v -1.9 4.3 -3.8
v -1.8 4.3 -3.8
v -1.5 4.3 -3.8
v -1.4 4.3 -3.8
v 1 4.3 -3.8
v 1.3 4.3 -3.8
v -5.3 4.5 2.8
v -4.8 4.5 2.8
v -5.2 4.5 2.7
v -4.9 4.5 2.7
v -5.2 4.5 2.4
v -4.9 4.5 2.4
v -5.3 4.5 2.3
v -4.8 4.5 2.3
v -5.8 4.6 6
v 5.7 4.6 6
v -5.3 4.6 2.8
v -4.8 4.6 2.8
v -0.5 4.6 2.8
v 0.4 4.6 2.8
v 3.6 4.6 2.8
v 4.5 4.6 2.8
v -5.2 4.6 2.7
v -4.9 4.6 2.7
v -0.4 4.6 2.7
v 0.3 4.6 2.7
v 3.7 4.6 2.7
v 4.4 4.6 2.7
v -0.3 4.6 2.6
v -0.2 4.6 2.6
v 0.0999999 4.6 2.6
v 0.2 4.6 2.6
v 3.8 4.6 2.6
v 3.9 4.6 2.6
v 4.2 4.6 2.6
v 4.3 4.6 2.6
v -0.3 4.6 2.5
v -0.2 4.6 2.5
v 0.0999999 4.6 2.5
v 0.2 4.6 2.5
v 3.8 4.6 2.5
v 3.9 4.6 2.5
v 4.2 4.6 2.5
v 4.3 4.6 2.5
v -5.2 4.6 2.4
v -4.9 4.6 2.4
v -0.3 4.6 2.4
v -0.2 4.6 2.4
v 0.0999999 4.6 2.4
v 0.2 4.6 2.4
v 3.8 4.6 2.4
v 3.9 4.6 2.4
v 4.2 4.6 2.4
v 4.3 4.6 2.4
v -5.3 4.6 2.3
v -4.8 4.6 2.3
v -0.3 4.6 2.3
v -0.2 4.6 2.3
v 0.0999999 4.6 2.3
v 0.2 4.6 2.3
v 3.8 4.6 2.3
v 3.9 4.6 2.3
v 4.2 4.6 2.3
v 4.3 4.6 2.3
v -0.4 4.6 2.2
v 0.3 4.6 2.2
v 3.7 4.6 2.2
v 4.4 4.6 2.2
v -0.5 4.6 2.1
v 0.4 4.6 2.1
v 3.6 4.6 2.1
v 4.5 4.6 2.1
v 1.7 4.6 1.1
v 1.8 4.6 1.1
v 1.7 4.6 1
v 1.8 4.6 1
v 3 4.6 0.6
v 3.1 4.6 0.6
v 3 4.6 0.5
v 3.1 4.6 0.5
v 0.8 4.6 0.4
v 0.9 4.6 0.4
v 0.8 4.6 0.3
v 0.9 4.6 0.3
v 1.9 4.6 -0.6
v 2 4.6 -0.6
v 1.9 4.6 -0.7
v 2 4.6 -0.7
v -5.7 4.6 -2
v -5.4 4.6 -2
v -5.2 4.6 -2
v -4.9 4.6 -2
v -4.7 4.6 -2
v -4.4 4.6 -2
v -4.2 4.6 -2
v -3.9 4.6 -2
v -3.7 4.6 -2
v -3.4 4.6 -2
v -3.2 4.6 -2
v -2.9 4.6 -2
v 1.9 4.6 -3.2
v 2 4.6 -3.2
v 2.2 4.6 -3.2
v 2.3 4.6 -3.2
v 1.9 4.6 -3.3
v 2 4.6 -3.3
v 2.2 4.6 -3.3
v 2.3 4.6 -3.3
v -5.7 4.6 -3.5
v -5.4 4.6 -3.5
v -5.2 4.6 -3.5
v -4.9 4.6 -3.5
v -4.7 4.6 -3.5
v -4.4 4.6 -3.5
v -4.2 4.6 -3.5
v -3.9 4.6 -3.5
v -3.7 4.6 -3.5
v -3.4 4.6 -3.5
v -3.2 4.6 -3.5
v -2.9 4.6 -3.5
v 2.8 4.6 -3.7
v 5.7 4.6 -3.7
v -5.8 4.6 -3.8
v 2.8 4.6 -3.8
v 5.7 4.6 -3.8
v -0.5 4.7 2.8
v 0.4 4.7 2.8
v 3.6 4.7 2.8
v 4.5 4.7 2.8
v -0.4 4.7 2.7
v 0.3 4.7 2.7
v 3.7 4.7 2.7
v 4.4 4.7 2.7
v -0.3 4.7 2.6
v -0.2 4.7 2.6
v 0.0999999 4.7 2.6
v 0.2 4.7 2.6
v 3.8 4.7 2.6
v 3.9 4.7 2.6
v 4.2 4.7 2.6
v 4.3 4.7 2.6
v -0.3 4.7 2.5
v -0.2 4.7 2.5
v 0.0999999 4.7 2.5
v 0.2 4.7 2.5
v 3.8 4.7 2.5
v 3.9 4.7 2.5
v 4.2 4.7 2.5
v 4.3 4.7 2.5
v -0.3 4.7 2.4
v -0.2 4.7 2.4
v 0.0999999 4.7 2.4
v 0.2 4.7 2.4
v 3.8 4.7 2.4
v 3.9 4.7 2.4
v 4.2 4.7 2.4
v 4.3 4.7 2.4
v -0.3 4.7 2.3
v -0.2 4.7 2.3
v 0.0999999 4.7 2.3
v 0.2 4.7 2.3
v 3.8 4.7 2.3
v 3.9 4.7 2.3
v 4.2 4.7 2.3
v 4.3 4.7 2.3
v -0.4 4.7 2.2
v 0.3 4.7 2.2
v 3.7 4.7 2.2
v 4.4 4.7 2.2
v -0.5 4.7 2.1
v 0.4 4.7 2.1
v 3.6 4.7 2.1
v 4.5 4.7 2.1
v -4.5 5.9 -2.4
v -4.4 5.9 -2.4
v -5.8 5.9 -3.8
v -4.5 5.9 -3.8
v -5.8 5.9 -3.9
v -4.4 5.9 -3.9
v -5.8 0.1 6
v -5.4 0.1 6
v -5.3 0.1 6
v -0.9 0.1 6
v -0.8 0.1 6
v 3.6 0.1 6
v 3.7 0.1 6
v 5.7 0.1 6
v -5.8 0.1 5.6
v -5.4 0.1 5.6
v -5.3 0.1 5.6
v -0.9 0.1 5.6
v -0.8 0.1 5.6
v 3.6 0.1 5.6
v 3.7 0.1 5.6
v 5.7 0.1 5.6
v -5.8 0.1 5.5
v -4.4 0.1 5.5
v -4.1 0.1 5.5
v -4 0.1 5.5
v -0.3 0.1 5.5
v -0.2 0.1 5.5
v 4.5 0.1 5.5
v 4.6 0.1 5.5
v 5.7 0.1 5.5
v -3.8 0.1 5.4
v -3.7 0.1 5.4
v -2 0.1 5.4
v -1.9 0.1 5.4
v -1.1 0.1 5.4
v -1 0.1 5.4
v 0.7 0.1 5.4
v 0.8 0.1 5.4
v 1.5 0.1 5.4
v 1.6 0.1 5.4
v 3.3 0.1 5.4
v 3.4 0.1 5.4
v -3.8 0.1 5.3
v -3.7 0.1 5.3
v -2 0.1 5.3
v -1.9 0.1 5.3
v -1.1 0.1 5.3
v -1 0.1 5.3
v 0.7 0.1 5.3
v 0.8 0.1 5.3
v 1.5 0.1 5.3
v 1.6 0.1 5.3
v 3.3 0.1 5.3
v 3.4 0.1 5.3
v -4.4 0.1 5.1
v -4.1 0.1 5.1
v -4 0.1 5.1
v -0.3 0.1 5.1
v -0.2 0.1 5.1
v 4.5 0.1 5.1
v 4.6 0.1 5.1
v 5.7 0.1 5.1
v -4.4 0.1 5
v 0.3 0.1 5
v 0.4 0.1 5
v 5.1 0.1 5
v 5.2 0.1 5
v 5.7 0.1 5
v -4.4 0.1 4.5
v 0.3 0.1 4.5
v 0.4 0.1 4.5
v 5.1 0.1 4.5
v 5.2 0.1 4.5
v 5.7 0.1 4.5
v -5.8 0.1 4.4
v -4.4 0.1 4.4
v -4.3 0.1 4.4
v -4.2 0.1 4.4
v -0.5 0.1 4.4
v -0.4 0.1 4.4
v 4.3 0.1 4.4
v 4.4 0.1 4.4
v 5.7 0.1 4.4
v -0.6 0.1 3.9
v -0.5 0.1 3.9
v -5.8 0.1 3.8
v -4.3 0.1 3.8
v -4.2 0.1 3.8
v -0.6 0.1 3.8
v -0.5 0.1 3.8
v -0.4 0.1 3.8
v 4.3 0.1 3.8
v 4.4 0.1 3.8
v 5.7 0.1 3.8
v -5.8 0.1 3.7
v -5.7 0.1 3.7
v -5.6 0.1 3.7
v 0.4 0.1 3.7
v 0.5 0.1 3.7
v 4.9 0.1 3.7
v 5 0.1 3.7
v 5.7 0.1 3.7
v 2 0.1 3.6
v 2.1 0.1 3.6
v -5.8 0.1 3.5
v -5.7 0.1 3.5
v -5.6 0.1 3.5
v -3.2 0.1 3.5
v 2 0.1 3.5
v 2.1 0.1 3.5
v -3.2 0.1 3.3
v 0.4 0.1 3.3
v 0.5 0.1 3.3
v 4.9 0.1 3.3
v 5 0.1 3.3
v 5.7 0.1 3.3
v -3.2 0.1 3.2
v -1.1 0.1 3.2
v -1 0.1 3.2
v 3.3 0.1 3.2
v 3.4 0.1 3.2
v 5.7 0.1 3.2
v 4.8 0.1 3.1
v 4.9 0.1 3.1
v 4.8 0.1 3
v 4.9 0.1 3
v 3.3 0.1 2.9
v 3.4 0.1 2.9
v 3.5 0.1 2.9
v -3.2 0.1 2.7
v -1.1 0.1 2.7
v -1 0.1 2.7
v 3.4 0.1 2.7
v 3.5 0.1 2.7
v 5.7 0.1 2.7
v -3.2 0.1 2.6
v 0.8 0.1 2.6
v 0.9 0.1 2.6
v 4.7 0.1 2.6
v 4.8 0.1 2.6
v 5.7 0.1 2.6
v 1.7 0.1 2.2
v 3.3 0.1 2.2
v -3.2 0.1 2.1
v 0.8 0.1 2.1
v 0.9 0.1 2.1
v 1.7 0.1 2.1
v 3.3 0.1 2.1
v 4.7 0.1 2.1
v 4.8 0.1 2.1
v 5.7 0.1 2.1
v -3.2 0.1 2
v -1.8 0.1 2
v -0.2 0.1 2
v -0.0999999 0.1 2
v 1.7 0.1 2
v 3.4 0.1 2
v 5.7 0.1 2
v -1.8 0.1 1.5
v -0.2 0.1 1.5
v -0.0999999 0.1 1.5
v 1.7 0.1 1.5
v 3.4 0.1 1.5
v 5.7 0.1 1.5
v -1.8 0.1 1.4
v 0.8 0.1 1.4
v 0.9 0.1 1.4
v 1.7 0.1 1.4
v 3.3 0.1 1.4
v 5.1 0.1 1.4
v 5.2 0.1 1.4
v 5.7 0.1 1.4
v -1.8 0.1 0.9
v 0.8 0.1 0.9
v 0.9 0.1 0.9
v 1.7 0.1 0.9
v 3.3 0.1 0.9
v 5.1 0.1 0.9
v 5.2 0.1 0.9
v 5.7 0.1 0.9
v -1.8 0.1 0.8
v -0.7 0.1 0.8
v -0.6 0.1 0.8
v 1.7 0.1 0.8
v 3.3 0.1 0.8
v 3.9 0.1 0.8
v 4 0.1 0.8
v 5.7 0.1 0.8
v -3.2 0.1 0.5
v -1.8 0.1 0.5
v -3.2 0.1 0.2
v -0.7 0.1 0.2
v -0.6 0.1 0.2
v 3.9 0.1 0.2
v 4 0.1 0.2
v 5.7 0.1 0.2
v -3.2 0.1 0.0999999
v 1.3 0.1 0.0999999
v 1.4 0.1 0.0999999
v 4.7 0.1 0.0999999
v 4.8 0.1 0.0999999
v 5.7 0.1 0.0999999
v -3.2 0.1 -0.3
v 1.3 0.1 -0.3
v 1.4 0.1 -0.3
v 4.7 0.1 -0.3
v 4.8 0.1 -0.3
v 5.7 0.1 -0.3
v -3.2 0.1 -0.4
v -0.4 0.1 -0.4
v -0.3 0.1 -0.4
v 5 0.1 -0.4
v 5.1 0.1 -0.4
v 5.7 0.1 -0.4
v 4.5 0.1 -0.6
v 4.6 0.1 -0.6
v 5 0.1 -0.6
v 5.1 0.1 -0.6
v -3.2 0.1 -1
v -0.4 0.1 -1
v -0.3 0.1 -1
v 4.5 0.1 -1
v 4.6 0.1 -1
v 5 0.1 -1
v 5.1 0.1 -1
v 5.7 0.1 -1
v -3.2 0.1 -1.1
v -1 0.1 -1.1
v -0.9 0.1 -1.1
v 3.9 0.1 -1.1
v 4 0.1 -1.1
v 4.5 0.1 -1.1
v 4.6 0.1 -1.1
v 5 0.1 -1.1
v 5.1 0.1 -1.1
v 5.7 0.1 -1.1
v 4.5 0.1 -1.2
v 4.6 0.1 -1.2
v 5 0.1 -1.2
v 5.1 0.1 -1.2
v -2.4 0.1 -1.5
v -2.3 0.1 -1.5
v -3.2 0.1 -1.6
v -2.4 0.1 -1.6
v -2.3 0.1 -1.6
v -1 0.1 -1.6
v -0.9 0.1 -1.6
v 3.9 0.1 -1.6
v 4 0.1 -1.6
v 5.7 0.1 -1.6
v -3.2 0.1 -1.7
v 0.9 0.1 -1.7
v 1 0.1 -1.7
v 5.2 0.1 -1.7
v 5.3 0.1 -1.7
v 5.7 0.1 -1.7
v -3.2 0.1 -2.2
v 0.9 0.1 -2.2
v 1 0.1 -2.2
v 5.2 0.1 -2.2
v 5.3 0.1 -2.2
v 5.7 0.1 -2.2
v -3.2 0.1 -2.3
v 1.3 0.1 -2.3
v 1.4 0.1 -2.3
v 4.5 0.1 -2.3
v 4.6 0.1 -2.3
v 5 0.1 -2.3
v 5.1 0.1 -2.3
v 5.3 0.1 -2.3
v 5.4 0.1 -2.3
v 5.7 0.1 -2.3
v -3.2 0.1 -2.8
v 1.3 0.1 -2.8
v 1.4 0.1 -2.8
v 4.5 0.1 -2.8
v 4.6 0.1 -2.8
v 5 0.1 -2.8
v 5.1 0.1 -2.8
v 5.3 0.1 -2.8
v 5.4 0.1 -2.8
v 5.7 0.1 -2.8
v -3.2 0.1 -2.9
v -0.5 0.1 -2.9
v -0.4 0.1 -2.9
v 4.5 0.1 -2.9
v 4.6 0.1 -2.9
v 5 0.1 -2.9
v 5.1 0.1 -2.9
v 5.7 0.1 -2.9
v -1.9 0.1 -3
v -1.8 0.1 -3
v 1.9 0.1 -3
v 2 0.1 -3
v 2.2 0.1 -3
v 2.3 0.1 -3
v 0.0999999 0.1 -3.1
v 0.2 0.1 -3.1
v 1.9 0.1 -3.1
v 2 0.1 -3.1
v 2.2 0.1 -3.1
v 2.3 0.1 -3.1
v 1 0.1 -3.3
v 1.3 0.1 -3.3
v -3.2 0.1 -3.4
v -1.9 0.1 -3.4
v -1.8 0.1 -3.4
v -0.5 0.1 -3.4
v -0.4 0.1 -3.4
v 0.0999999 0.1 -3.4
v 0.2 0.1 -3.4
v 1 0.1 -3.4
v 1.3 0.1 -3.4
v 4.5 0.1 -3.4
v 4.6 0.1 -3.4
v 5 0.1 -3.4
v 5.1 0.1 -3.4
v 5.7 0.1 -3.4
v -3.2 0.1 -3.5
v -1.9 0.1 -3.5
v -1.8 0.1 -3.5
v 0.0999999 0.1 -3.5
v 0.2 0.1 -3.5
v 0.3 0.1 -3.5
v 0.4 0.1 -3.5
v 1 0.1 -3.5
v 1.3 0.1 -3.5
v 4.5 0.1 -3.5
v 4.6 0.1 -3.5
v 5 0.1 -3.5
v 5.1 0.1 -3.5
v 5.2 0.1 -3.5
v 5.3 0.1 -3.5
v 5.7 0.1 -3.5
v 4.6 0.1 -3.7
v 5 0.1 -3.7
v -3.2 0.1 -3.8
v -1.9 0.1 -3.8
v -1.8 0.1 -3.8
v 0.0999999 0.1 -3.8
v 0.2 0.1 -3.8
v 0.3 0.1 -3.8
v 0.4 0.1 -3.8
v 1 0.1 -3.8
v 1.3 0.1 -3.8
v 4.5 0.1 -3.8
v 5.1 0.1 -3.8
v 5.2 0.1 -3.8
v 5.3 0.1 -3.8
v 5.7 0.1 -3.8
v -1.8 0.1 -3.9
v 0.0999999 0.1 -3.9
v -1.8 0.1 -5.9
v 0.0999999 0.1 -5.9
v -2.1 0.3 2
v -1.8 0.3 2
v -2.1 0.3 0.5
v -1.8 0.3 0.5
v -1.8 0.3 -3.4
v 0.0999999 0.3 -3.4
v -1.8 0.3 -3.5
v 0.0999999 0.3 -3.5
v 2 0.4 3.6
v 2.1 0.4 3.6
v 2 0.4 3.5
v 2.1 0.4 3.5
v 3.2 0.4 1.9
v 3.3 0.4 1.9
v 3.2 0.4 1.4
v 3.3 0.4 1.4
v 4.5 0.4 -0.6
v 5.1 0.4 -0.6
v 4.5 0.4 -1.2
v 5.1 0.4 -1.2
v -2.4 0.4 -1.5
v -2.3 0.4 -1.5
v -2.4 0.4 -1.6
v -2.3 0.4 -1.6
v 1.9 0.5 3.7
v 2.2 0.5 3.7
v 2 0.5 3.6
v 2.1 0.5 3.6
v 2 0.5 3.5
v 2.1 0.5 3.5
v 1.9 0.5 3.4
v 2.2 0.5 3.4
v 2.2 0.5 2.2
v 2.6 0.5 2.2
v 2.2 0.5 2.1
v 2.6 0.5 2.1
v -2.4 0.5 2
v -2.1 0.5 2
v -2.4 0.5 0.5
v -2.1 0.5 0.5
v -2.5 0.5 -1.4
v -2.2 0.5 -1.4
v -2.4 0.5 -1.5
v -2.3 0.5 -1.5
v -2.4 0.5 -1.6
v -2.3 0.5 -1.6
v -2.5 0.5 -1.7
v -2.2 0.5 -1.7
v 4.5 0.5 -2.3
v 5.1 0.5 -2.3
v 4.5 0.5 -3.8
v 5.1 0.5 -3.8
v -3.8 0.6 5.4
v -1.9 0.6 5.4
v -1.1 0.6 5.4
v 0.8 0.6 5.4
v 1.5 0.6 5.4
v 3.4 0.6 5.4
v -3.8 0.6 5.3
v -1.9 0.6 5.3
v -1.1 0.6 5.3
v 0.8 0.6 5.3
v 1.5 0.6 5.3
v 3.4 0.6 5.3
v -0.6 0.6 3.9
v -0.5 0.6 3.9
v -0.6 0.6 3.8
v -0.5 0.6 3.8
v -1.8 0.6 -3.4
v 0.0999999 0.6 -3.4
v -1.8 0.6 -3.5
v 0.0999999 0.6 -3.5
v -0.7 0.7 4
v -0.4 0.7 4
v -0.6 0.7 3.9
v -0.5 0.7 3.9
v -0.6 0.7 3.8
v -0.5 0.7 3.8
v -0.7 0.7 3.7
v -0.4 0.7 3.7
v -2.7 0.7 2
v -2.4 0.7 2
v -2.7 0.7 0.5
v -2.4 0.7 0.5
v 2.5 0.9 2.1
v 3.1 0.9 2.1
v -3 0.9 2
v -2.7 0.9 2
v 2.5 0.9 1.5
v 3.1 0.9 1.5
v -3 0.9 0.5
v -2.7 0.9 0.5
v -1.8 0.9 -3.4
v 0.0999999 0.9 -3.4
v -1.8 0.9 -3.5
v 0.0999999 0.9 -3.5
v 4.8 1 3.1
v 4.9 1 3.1
v 4.8 1 3
v 4.9 1 3
v 1.7 1 2.2
v 3.3 1 2.2
v 2.5 1 2.1
v 3.1 1 2.1
v 2.5 1 1.5
v 3.1 1 1.5
v 1.7 1 0.8
v 3.3 1 0.8
v -5.8 1.1 3.5
v -5.1 1.1 3.5
v -5 1.1 3.5
v -3.9 1.1 3.5
v -3.8 1.1 3.5
v -3.2 1.1 3.5
v -3.4 1.1 3.4
v -3.3 1.1 3.4
v -3.4 1.1 3.3
v -3.3 1.1 3.3
v 4.7 1.1 3.2
v 5 1.1 3.2
v 4.8 1.1 3.1
v 4.9 1.1 3.1
v 4.8 1.1 3
v 4.9 1.1 3
v 4.7 1.1 2.9
v 5 1.1 2.9
v -3.8 1.1 2.6
v -3.2 1.1 2.6
v -3.8 1.1 2.5
v -3.2 1.1 2.5
v -5.4 1.1 2.4
v -5.1 1.1 2.4
v -5 1.1 2.4
v -4.1 1.1 2.4
v -5.2 1.1 2.3
v -5.1 1.1 2.3
v -5 1.1 2.3
v -4.3 1.1 2.3
v -4.2 1.1 2.3
v -4.1 1.1 2.3
v -3.4 1.1 2.1
v -3.3 1.1 2.1
v -3.4 1.1 2
v -3.3 1.1 2
v -3.2 1.1 2
v -3 1.1 2
v -5.2 1.1 1.4
v -5.1 1.1 1.4
v -5 1.1 1.4
v -4.3 1.1 1.4
v -4.2 1.1 1.4
v -4.1 1.1 1.4
v -5.4 1.1 1.3
v -5.1 1.1 1.3
v -5 1.1 1.3
v -4.1 1.1 1.3
v -3.4 1.1 0.5
v -3.3 1.1 0.5
v -3.2 1.1 0.5
v -3 1.1 0.5
v -3.4 1.1 0.4
v -3.3 1.1 0.4
v -5 1.1 0.2
v -3.9 1.1 0.2
v -5 1.1 0.0999999
v -3.9 1.1 0.0999999
v -3.8 1.1 -0.8
v -3.2 1.1 -0.8
v -3.8 1.1 -0.9
v -3.2 1.1 -0.9
v -5.1 1.1 -2.2
v -5 1.1 -2.2
v 4.2 1.1 -2.2
v 4.5 1.1 -2.2
v -5.3 1.1 -2.3
v -4.3 1.1 -2.3
v -3.9 1.1 -3.7
v -3.8 1.1 -3.7
v -5.8 1.1 -3.8
v -5.3 1.1 -3.8
v -4.3 1.1 -3.8
v -3.2 1.1 -3.8
v 4.2 1.1 -3.8
v 4.5 1.1 -3.8
v -1.8 1.2 -3.4
v 0.0999999 1.2 -3.4
v -1.8 1.2 -3.5
v 0.0999999 1.2 -3.5
v -5.8 1.5 3.4
v -3.4 1.5 3.4
v -5.8 1.5 3.3
v -3.4 1.5 3.3
v -3.3 1.5 3.3
v -3.4 1.5 2.1
v -3.3 1.5 2.1
v -3.4 1.5 0.4
v -3.3 1.5 0.4
v -1.8 1.5 -3.4
v 0.0999999 1.5 -3.4
v -1.8 1.5 -3.5
v 0.0999999 1.5 -3.5
v -3.4 1.5 -3.8
v -3.3 1.5 -3.8
v 4.1 1.6 -2.2
v 4.6 1.6 -2.2
v 4.1 1.6 -3.8
v 4.6 1.6 -3.8
v -5.8 1.8 3.4
v -3.4 1.8 3.4
v -5.8 1.8 3.3
v -3.4 1.8 3.3
v -3.3 1.8 3.3
v -3.4 1.8 2.1
v -3.3 1.8 2.1
v -3.4 1.8 0.4
v -3.3 1.8 0.4
v -1.8 1.8 -3.4
v 0.0999999 1.8 -3.4
v -1.8 1.8 -3.5
v 0.0999999 1.8 -3.5
v -3.4 1.8 -3.8
v -3.3 1.8 -3.8
v -5.3 2 -2.3
v -4.3 2 -2.3
v 4.7 2 -2.8
v 5 2 -2.8
v 2.7 2 -3.5
v 3 2 -3.5
v -5.3 2 -3.8
v -4.3 2 -3.8
v 2.7 2 -3.8
v 3 2 -3.8
v 4.7 2 -3.8
v 5 2 -3.8
v -5.8 2.1 3.4
v -3.3 2.1 3.4
v -5.8 2.1 3.3
v -3.4 2.1 3.3
v -3.4 2.1 2
v -3.3 2.1 2
v -3.4 2.1 0.5
v -3.3 2.1 0.5
v -1.8 2.1 -3.4
v 0.0999999 2.1 -3.4
v -1.8 2.1 -3.5
v 0.0999999 2.1 -3.5
v -3.4 2.1 -3.8
v -3.3 2.1 -3.8
v -4.8 2.2 5.4
v -1.7 2.2 5.4
v -4.8 2.2 4.5
v -1.7 2.2 4.5
v -1.8 2.4 -3.4
v 0.0999999 2.4 -3.4
v -1.8 2.4 -3.5
v 0.0999999 2.4 -3.5
v 4.6 2.5 -2.8
v 5.1 2.5 -2.8
v 4.6 2.5 -3.8
v 5.1 2.5 -3.8
v 2.5 2.6 -3.5
v 2.8 2.6 -3.5
v 2.5 2.6 -3.8
v 2.8 2.6 -3.8
v -5.8 2.7 5.5
v -1.7 2.7 5.5
v -5.8 2.7 4.4
v -1.7 2.7 4.4
v -1.8 2.7 -3.4
v 0.0999999 2.7 -3.4
v -1.8 2.7 -3.5
v 0.0999999 2.7 -3.5
v -4.3 2.8 2.3
v -4.2 2.8 2.3
v -4.3 2.8 1.4
v -4.2 2.8 1.4
v -5.3 2.8 -0.7
v -5.2 2.8 -0.7
v -5.3 2.8 -0.8
v -5.2 2.8 -0.8
v -5.3 2.8 -1
v -5.2 2.8 -1
v -5.3 2.8 -1.1
v -5.2 2.8 -1.1
v -5.3 2.8 -1.3
v -5.2 2.8 -1.3
v -5.3 2.8 -1.4
v -5.2 2.8 -1.4
v -5.3 2.8 -1.6
v -5.2 2.8 -1.6
v -5.3 2.8 -1.7
v -5.2 2.8 -1.7
v -5.3 2.8 -1.9
v -5.2 2.8 -1.9
v -5.3 2.8 -2
v -5.2 2.8 -2
v -5.3 2.8 -2.2
v -5.2 2.8 -2.2
v -5.3 2.8 -2.3
v -5.2 2.8 -2.3
v 2.8 2.9 -2.8
v 2.9 2.9 -2.8
v 3 2.9 -2.8
v 3.1 2.9 -2.8
v 3.2 2.9 -2.8
v 3.3 2.9 -2.8
v 2.8 2.9 -2.9
v 2.9 2.9 -2.9
v 3 2.9 -2.9
v 3.1 2.9 -2.9
v 3.2 2.9 -2.9
v 3.3 2.9 -2.9
v -4.3 3 2.3
v -4.2 3 2.3
v -4.3 3 1.4
v -4.2 3 1.4
v -1.8 3 -3.4
v 0.0999999 3 -3.4
v 3.4 3 -3.4
v 3.9 3 -3.4
v -1.8 3 -3.5
v 0.0999999 3 -3.5
v 3.4 3 -3.5
v 3.8 3 -3.5
v 3.8 3 -3.8
v 3.9 3 -3.8
v -4.3 3.2 2.3
v -4.2 3.2 2.3
v -4.3 3.2 1.4
v -4.2 3.2 1.4
v 3.4 3.2 -3.2
v 4.2 3.2 -3.2
v 3.4 3.2 -3.3
v 4.1 3.2 -3.3
v 4.1 3.2 -3.8
v 4.2 3.2 -3.8
v -1.8 3.3 -3.4
v 0.0999999 3.3 -3.4
v -1.8 3.3 -3.5
v 0.0999999 3.3 -3.5
v -4.3 3.4 2.3
v -4.2 3.4 2.3
v -4.3 3.4 1.4
v -4.2 3.4 1.4
v 2.7 3.4 -2.8
v 3.4 3.4 -2.8
v -1.9 3.4 -3
v -1.8 3.4 -3
v 0.0999999 3.4 -3.1
v 0.2 3.4 -3.1
v -5.6 3.4 -3.6
v -5.2 3.4 -3.6
v -5.6 3.4 -3.8
v -5.2 3.4 -3.8
v -1.9 3.4 -3.8
v -1.8 3.4 -3.8
v 0.0999999 3.4 -3.8
v 0.2 3.4 -3.8
v 2.7 3.4 -3.8
v 3.4 3.4 -3.8
v 1.8 3.5 -0.5
v 2.1 3.5 -0.5
v 1.9 3.5 -0.6
v 2 3.5 -0.6
v 1.9 3.5 -0.7
v 2 3.5 -0.7
v 1.8 3.5 -0.8
v 2.1 3.5 -0.8
v -1.9 3.5 -3.9
v 0.2 3.5 -3.9
v -1.9 3.5 -6.1
v 0.2 3.5 -6.1
v -5.4 3.6 2.4
v -4.1 3.6 2.4
v -5.4 3.6 1.3
v -4.1 3.6 1.3
v -5.8 3.7 -0.4
v -5.2 3.7 -0.4
v -5.8 3.7 -2.6
v -5.2 3.7 -2.6
v 1.6 3.8 1.2
v 1.9 3.8 1.2
v 1.7 3.8 1.1
v 1.8 3.8 1.1
v 1.7 3.8 1
v 1.8 3.8 1
v 1.6 3.8 0.9
v 1.9 3.8 0.9
v 1.9 3.8 -3
v 2 3.8 -3
v 2.2 3.8 -3
v 2.3 3.8 -3
v 1.9 3.8 -3.1
v 2 3.8 -3.1
v 2.2 3.8 -3.1
v 2.3 3.8 -3.1
v 1 3.9 -3.2
v 1.3 3.9 -3.2
v 1 3.9 -3.3
v 1.3 3.9 -3.3
v 2.9 4 0.7
v 3.2 4 0.7
v 3 4 0.6
v 3.1 4 0.6
v 3 4 0.5
v 3.1 4 0.5
v 2.9 4 0.4
v 3.2 4 0.4
v 1 4 -3.6
v 1.3 4 -3.6
v 1 4 -3.8
v 1.3 4 -3.8
v 5.8 4.2 5.5
v 5.9 4.2 5.5
v -5.8 4.2 5.2
v 5.8 4.2 5.2
v -5.8 4.2 5.1
v 5.8 4.2 5.1
v -5.8 4.2 4.8
v 5.8 4.2 4.8
v -5.8 4.2 4.7
v 5.8 4.2 4.7
v -5.8 4.2 4.4
v 5.8 4.2 4.4
v -5.8 4.2 4.3
v 5.8 4.2 4.3
v -1.5 4.2 3.5
v -1.4 4.2 3.5
v -1.9 4.2 3.4
v -1.8 4.2 3.4
v 5.8 4.2 0
v 5.9 4.2 0
v 5.8 4.2 -0.1
v 5.9 4.2 -0.1
v -1.9 4.2 -1.4
v -1.8 4.2 -1.4
v -1.5 4.2 -1.5
v -1.4 4.2 -1.5
v -5.8 4.2 -3.3
v 5.8 4.2 -3.3
v -5.8 4.2 -3.6
v 5.9 4.2 -3.6
v 0.7 4.3 0.5
v 1 4.3 0.5
v 0.8 4.3 0.4
v 0.9 4.3 0.4
v 0.8 4.3 0.3
v 0.9 4.3 0.3
v 0.7 4.3 0.2
v 1 4.3 0.2
v -5.8 4.4 5.6
v 5.9 4.4 5.6
v -5.8 4.4 5.5
v -1.9 4.4 5.5
v -1.8 4.4 5.5
v -1.5 4.4 5.5
v -1.4 4.4 5.5
v 5.9 4.4 5.5
v -1.5 4.4 3.5
v -1.4 4.4 3.5
v -1.9 4.4 3.4
v -1.8 4.4 3.4
v -5.8 4.4 1.1
v -1 4.4 1.1
v -5.8 4.4 1
v -1.1 4.4 1
v -1 4.4 0
v 5.9 4.4 0
v -1.1 4.4 -0.1
v 5.9 4.4 -0.1
v -1.9 4.4 -1.4
v -1.8 4.4 -1.4
v -1.5 4.4 -1.5
v -1.4 4.4 -1.5
v 1.9 4.4 -2.9
v 2 4.4 -2.9
v 2.2 4.4 -2.9
v 2.3 4.4 -2.9
v 1 4.4 -3.1
v 1.3 4.4 -3.1
v 1.9 4.4 -3.2
v 2 4.4 -3.2
v 2.2 4.4 -3.2
v 2.3 4.4 -3.2
v -1.9 4.4 -3.8
v -1.8 4.4 -3.8
v -1.5 4.4 -3.8
v -1.4 4.4 -3.8
v 1 4.4 -3.8
v 1.3 4.4 -3.8
v -5.9 4.8 6
v 5.7 4.8 6
v -5.7 4.8 -2
v -5.4 4.8 -2
v -5.2 4.8 -2
v -4.9 4.8 -2
v -4.7 4.8 -2
v -4.4 4.8 -2
v -4.2 4.8 -2
v -3.9 4.8 -2
v -3.7 4.8 -2
v -3.4 4.8 -2
v -3.2 4.8 -2
v -2.9 4.8 -2
v -5.7 4.8 -3.5
v -5.4 4.8 -3.5
v -5.2 4.8 -3.5
v -4.9 4.8 -3.5
v -4.7 4.8 -3.5
v -4.4 4.8 -3.5
v -4.2 4.8 -3.5
v -3.9 4.8 -3.5
v -3.7 4.8 -3.5
v -3.4 4.8 -3.5
v -3.2 4.8 -3.5
v -2.9 4.8 -3.5
v -5.9 4.8 -3.8
v -5.8 4.8 -3.8
v -5.8 4.8 -3.9
v 5.7 4.8 -3.9
v -4.5 6 -2.4
v -4.4 6 -2.4
v -5.9 6 -3.8
v -4.5 6 -3.8
v -5.9 6 -3.9
v -4.4 6 -3.9

# faces
f 35/2/1 2/2/1 1/2/1
f 36/1/1 3/1/1 2/1/1
f 36/2/1 2/2/1 35/2/1
f 37/2/1 4/2/1 3/2/1
f 37/1/1 3/1/1 36/1/1
f 38/1/1 5/1/1 4/1/1
f 38/2/1 4/2/1 37/2/1
f 39/2/1 6/2/1 5/2/1
f 39/1/1 5/1/1 38/1/1
f 40/1/1 7/1/1 6/1/1
f 40/2/1 6/2/1 39/2/1
f 41/2/1 8/2/1 7/2/1
f 41/1/1 7/1/1 40/1/1
f 42/1/1 9/1/1 8/1/1
f 42/2/1 8/2/1 41/2/1
f 43/2/1 10/2/1 9/2/1
f 43/1/1 9/1/1 42/1/1
f 44/1/1 11/1/1 10/1/1
f 44/2/1 10/2/1 43/2/1
f 45/2/1 12/2/1 11/2/1
f 45/1/1 11/1/1 44/1/1
f 46/1/1 13/1/1 12/1/1
f 46/2/1 12/2/1 45/2/1
f 47/2/1 14/2/1 13/2/1
f 47/1/1 13/1/1 46/1/1
f 48/1/1 15/1/1 14/1/1
f 48/2/1 14/2/1 47/2/1
f 49/2/1 16/2/1 15/2/1
f 49/1/1 15/1/1 48/1/1
f 50/1/1 17/1/1 16/1/1
f 50/2/1 16/2/1 49/2/1
f 51/2/1 18/2/1 17/2/1
f 51/1/1 17/1/1 50/1/1
f 52/1/1 19/1/1 18/1/1
f 52/2/1 18/2/1 51/2/1
f 53/2/1 20/2/1 19/2/1
f 53/1/1 19/1/1 52/1/1
f 54/1/1 21/1/1 20/1/1
f 54/2/1 20/2/1 53/2/1
f 55/2/1 22/2/1 21/2/1
f 55/1/1 21/1/1 54/1/1
f 56/1/1 23/1/1 22/1/1
f 56/2/1 22/2/1 55/2/1
f 57/2/1 24/2/1 23/2/1
f 57/1/1 23/1/1 56/1/1
f 58/1/1 25/1/1 24/1/1
f 58/2/1 24/2/1 57/2/1
f 59/2/1 26/2/1 25/2/1
f 59/1/1 25/1/1 58/1/1
f 60/1/1 27/1/1 26/1/1
f 60/2/1 26/2/1 59/2/1
f 61/2/1 28/2/1 27/2/1
f 61/1/1 27/1/1 60/1/1
f 62/1/1 29/1/1 28/1/1
f 62/2/1 28/2/1 61/2/1
f 63/2/1 30/2/1 29/2/1
f 63/1/1 29/1/1 62/1/1
f 64/1/1 31/1/1 30/1/1
f 64/2/1 30/2/1 63/2/1
f 65/2/1 32/2/1 31/2/1
f 65/1/1 31/1/1 64/1/1
f 66/1/1 33/1/1 32/1/1
f 66/2/1 32/2/1 65/2/1
f 67/2/1 34/2/1 33/2/1
f 67/1/1 33/1/1 66/1/1
f 68/2/1 34/2/1 67/2/1
f 69/3/1 66/3/1 65/3/1
f 69/3/1 36/3/1 35/3/1
f 69/3/1 68/3/1 67/3/1
f 69/3/1 67/3/1 66/3/1
f 69/3/1 65/3/1 64/3/1
f 69/3/1 64/3/1 63/3/1
f 69/3/1 63/3/1 62/3/1
f 69/3/1 62/3/1 61/3/1
f 69/3/1 61/3/1 60/3/1
f 69/3/1 60/3/1 59/3/1
f 69/3/1 59/3/1 58/3/1
f 69/3/1 58/3/1 57/3/1
f 69/3/1 57/3/1 56/3/1
f 69/3/1 56/3/1 55/3/1
f 69/3/1 55/3/1 54/3/1
f 69/3/1 54/3/1 53/3/1
f 69/3/1 53/3/1 52/3/1
f 69/3/1 52/3/1 51/3/1
f 69/3/1 51/3/1 50/3/1
f 69/3/1 50/3/1 49/3/1
f 69/3/1 49/3/1 48/3/1
f 69/3/1 48/3/1 47/3/1
f 69/3/1 47/3/1 46/3/1
f 69/3/1 46/3/1 45/3/1
f 69/3/1 45/3/1 44/3/1
f 69/3/1 44/3/1 43/3/1
f 69/3/1 43/3/1 42/3/1
f 69/3/1 42/3/1 41/3/1
f 69/3/1 41/3/1 40/3/1
f 69/3/1 40/3/1 39/3/1
f 69/3/1 39/3/1 38/3/1
f 69/3/1 38/3/1 37/3/1
f 69/3/1 37/3/1 36/3/1
f 70/3/1 68/3/1 69/3/1
f 71/3/1 68/3/1 70/3/1
f 72/3/1 68/3/1 71/3/1
f 73/5/1 72/5/1 71/5/1
f 74/5/1 72/5/1 73/5/1
f 77/5/1 76/5/1 75/5/1
f 78/5/1 76/5/1 77/5/1
f 81/5/1 80/5/1 79/5/1
f 82/5/1 80/5/1 81/5/1
f 85/3/1 84/3/1 83/3/1
f 86/3/1 84/3/1 85/3/1
f 89/5/1 88/5/1 87/5/1
f 90/5/1 88/5/1 89/5/1
f 93/3/1 92/3/1 91/3/1
f 94/3/1 92/3/1 93/3/1
f 97/3/1 96/3/1 95/3/1
f 98/3/1 96/3/1 97/3/1
f 101/3/1 100/3/1 99/3/1
f 102/3/1 100/3/1 101/3/1
f 105/5/1 104/5/1 103/5/1
f 106/5/1 104/5/1 105/5/1
f 109/3/1 108/3/1 107/3/1
f 110/3/1 108/3/1 109/3/1
f 113/5/1 112/5/1 111/5/1
f 114/5/1 112/5/1 113/5/1
f 117/5/1 116/5/1 115/5/1
f 118/5/1 116/5/1 117/5/1
f 121/5/1 120/5/1 119/5/1
f 122/5/1 120/5/1 121/5/1
f 125/5/1 124/5/1 123/5/1
f 126/5/1 124/5/1 125/5/1
f 129/3/1 128/3/1 127/3/1
f 130/3/1 128/3/1 129/3/1
f 133/5/1 132/5/1 131/5/1
f 134/5/1 132/5/1 133/5/1
f 141/5/1 136/5/1 135/5/1
f 142/5/1 136/5/1 141/5/1
f 143/5/1 138/5/1 137/5/1
f 144/5/1 140/5/1 139/5/1
f 147/5/1 143/5/1 142/5/1
f 148/5/1 138/5/1 143/5/1
f 148/5/1 143/5/1 147/5/1
f 149/5/1 144/5/1 139/5/1
f 149/5/1 145/5/1 144/5/1
f 150/5/1 145/5/1 149/5/1
f 151/5/1 147/5/1 146/5/1
f 152/5/1 147/5/1 151/5/1
f 153/5/1 138/5/1 148/5/1
f 154/5/1 149/5/1 139/5/1
f 157/5/1 153/5/1 152/5/1
f 158/5/1 138/5/1 153/5/1
f 158/5/1 153/5/1 157/5/1
f 159/5/1 155/5/1 154/5/1
f 159/5/1 154/5/1 139/5/1
f 160/5/1 155/5/1 159/5/1
f 161/5/1 157/5/1 156/5/1
f 162/5/1 157/5/1 161/5/1
f 163/5/1 138/5/1 158/5/1
f 164/5/1 159/5/1 139/5/1
f 166/5/1 163/5/1 162/5/1
f 167/5/1 138/5/1 163/5/1
f 167/5/1 163/5/1 166/5/1
f 168/5/1 165/5/1 164/5/1
f 168/5/1 164/5/1 139/5/1
f 169/5/1 165/5/1 168/5/1
f 172/3/1 171/3/1 170/3/1
f 173/3/1 171/3/1 172/3/1
f 176/3/1 175/3/1 174/3/1
f 177/3/1 175/3/1 176/3/1
f 180/5/1 179/5/1 178/5/1
f 181/5/1 179/5/1 180/5/1
f 184/5/1 183/5/1 182/5/1
f 185/5/1 183/5/1 184/5/1
f 188/5/1 187/5/1 186/5/1
f 189/5/1 187/5/1 188/5/1
f 192/5/1 191/5/1 190/5/1
f 193/5/1 191/5/1 192/5/1
f 200/5/1 195/5/1 194/5/1
f 201/5/1 199/5/1 198/5/1
f 201/5/1 197/5/1 196/5/1
f 201/5/1 198/5/1 197/5/1
f 202/5/1 199/5/1 201/5/1
f 203/5/1 195/5/1 200/5/1
f 204/5/1 195/5/1 203/5/1
f 207/5/1 206/5/1 205/5/1
f 208/5/1 206/5/1 207/5/1
f 210/5/1 207/5/1 205/5/1
f 211/5/1 206/5/1 208/5/1
f 213/5/1 210/5/1 209/5/1
f 214/5/1 207/5/1 210/5/1
f 214/5/1 210/5/1 213/5/1
f 215/5/1 212/5/1 211/5/1
f 215/5/1 211/5/1 208/5/1
f 216/5/1 212/5/1 215/5/1
f 219/5/1 218/5/1 217/5/1
f 220/5/1 218/5/1 219/5/1
f 222/5/1 219/5/1 217/5/1
f 223/5/1 218/5/1 220/5/1
f 225/5/1 222/5/1 221/5/1
f 226/5/1 219/5/1 222/5/1
f 226/5/1 222/5/1 225/5/1
f 227/5/1 224/5/1 223/5/1
f 227/5/1 223/5/1 220/5/1
f 228/5/1 224/5/1 227/5/1
f 231/5/1 230/5/1 229/5/1
f 232/5/1 230/5/1 231/5/1
f 235/5/1 234/5/1 233/5/1
f 236/5/1 234/5/1 235/5/1
f 239/5/1 238/5/1 237/5/1
f 240/5/1 238/5/1 239/5/1
f 243/5/1 242/5/1 241/5/1
f 244/5/1 242/5/1 243/5/1
f 247/5/1 246/5/1 245/5/1
f 248/5/1 246/5/1 247/5/1
f 251/3/1 250/3/1 249/3/1
f 252/3/1 250/3/1 251/3/1
f 257/3/1 254/3/1 253/3/1
f 258/3/1 254/3/1 257/3/1
f 259/3/1 256/3/1 255/3/1
f 260/3/1 256/3/1 259/3/1
f 267/5/1 262/5/1 261/5/1
f 267/5/1 263/5/1 262/5/1
f 267/5/1 264/5/1 263/5/1
f 268/5/1 264/5/1 267/5/1
f 269/5/1 267/5/1 261/5/1
f 270/5/1 264/5/1 268/5/1
f 271/5/1 269/5/1 261/5/1
f 271/5/1 270/5/1 269/5/1
f 272/5/1 264/5/1 270/5/1
f 272/5/1 270/5/1 271/5/1
f 273/5/1 271/5/1 261/5/1
f 274/5/1 264/5/1 272/5/1
f 275/5/1 273/5/1 261/5/1
f 275/5/1 274/5/1 273/5/1
f 276/5/1 264/5/1 274/5/1
f 276/5/1 274/5/1 275/5/1
f 277/5/1 275/5/1 261/5/1
f 278/5/1 264/5/1 276/5/1
f 279/5/1 277/5/1 261/5/1
f 279/5/1 278/5/1 277/5/1
f 280/5/1 264/5/1 278/5/1
f 280/5/1 278/5/1 279/5/1
f 281/5/1 279/5/1 261/5/1
f 282/5/1 264/5/1 280/5/1
f 283/5/1 281/5/1 261/5/1
f 283/5/1 282/5/1 281/5/1
f 284/5/1 264/5/1 282/5/1
f 284/5/1 282/5/1 283/5/1
f 285/5/1 283/5/1 261/5/1
f 286/5/1 264/5/1 284/5/1
f 287/5/1 285/5/1 261/5/1
f 287/5/1 286/5/1 285/5/1
f 288/5/1 264/5/1 286/5/1
f 288/5/1 286/5/1 287/5/1
f 289/5/1 287/5/1 261/5/1
f 290/5/1 264/5/1 288/5/1
f 291/5/1 266/5/1 265/5/1
f 292/5/1 266/5/1 291/5/1
f 293/5/1 290/5/1 289/5/1
f 293/5/1 289/5/1 261/5/1
f 294/5/1 264/5/1 290/5/1
f 294/5/1 290/5/1 293/5/1
f 295/1/1 292/1/1 291/1/1
f 295/5/1 291/5/1 265/5/1
f 296/5/1 266/5/1 292/5/1
f 296/1/1 292/1/1 295/1/1
f 297/5/1 293/5/1 261/5/1
f 298/5/1 264/5/1 294/5/1
f 299/5/1 297/5/1 261/5/1
f 299/5/1 298/5/1 297/5/1
f 300/5/1 264/5/1 298/5/1
f 300/5/1 298/5/1 299/5/1
f 301/5/1 299/5/1 261/5/1
f 302/5/1 264/5/1 300/5/1
f 303/5/1 301/5/1 261/5/1
f 303/5/1 302/5/1 301/5/1
f 304/5/1 264/5/1 302/5/1
f 304/5/1 302/5/1 303/5/1
f 305/5/1 303/5/1 261/5/1
f 306/5/1 264/5/1 304/5/1
f 307/5/1 305/5/1 261/5/1
f 307/5/1 306/5/1 305/5/1
f 308/5/1 264/5/1 306/5/1
f 308/5/1 306/5/1 307/5/1
f 309/5/1 307/5/1 261/5/1
f 310/5/1 264/5/1 308/5/1
f 311/5/1 309/5/1 261/5/1
f 311/5/1 310/5/1 309/5/1
f 312/5/1 264/5/1 310/5/1
f 312/5/1 310/5/1 311/5/1
f 313/5/1 311/5/1 261/5/1
f 314/5/1 264/5/1 312/5/1
f 315/5/1 313/5/1 261/5/1
f 315/5/1 314/5/1 313/5/1
f 316/3/1 265/3/1 264/3/1
f 316/5/1 314/5/1 315/5/1
f 316/5/1 264/5/1 314/5/1
f 317/5/1 295/5/1 265/5/1
f 317/3/1 265/3/1 316/3/1
f 317/5/1 296/5/1 295/5/1
f 318/5/1 266/5/1 296/5/1
f 318/5/1 296/5/1 317/5/1
f 323/3/1 320/3/1 319/3/1
f 324/3/1 320/3/1 323/3/1
f 325/3/1 322/3/1 321/3/1
f 326/3/1 322/3/1 325/3/1
f 329/3/1 328/3/1 327/3/1
f 330/3/1 328/3/1 329/3/1
f 333/5/1 332/5/1 331/5/1
f 334/5/1 332/5/1 333/5/1
f 337/5/1 336/5/1 335/5/1
f 338/5/1 336/5/1 337/5/1
f 341/5/1 340/5/1 339/5/1
f 342/5/1 340/5/1 341/5/1
f 343/3/1 342/3/1 341/3/1
f 344/3/1 342/3/1 343/3/1
f 347/5/1 346/5/1 345/5/1
f 348/5/1 346/5/1 347/5/1
f 354/5/1 350/5/1 349/5/1
f 354/5/1 352/5/1 351/5/1
f 354/5/1 351/5/1 350/5/1
f 355/5/1 354/5/1 353/5/1
f 356/5/1 352/5/1 354/5/1
f 356/5/1 354/5/1 355/5/1
f 357/5/1 352/5/1 356/5/1
f 358/5/1 352/5/1 357/5/1
f 359/5/1 352/5/1 358/5/1
f 360/5/1 355/5/1 353/5/1
f 362/5/1 360/5/1 353/5/1
f 362/5/1 361/5/1 360/5/1
f 363/5/1 361/5/1 362/5/1
f 366/5/1 365/5/1 364/5/1
f 367/5/1 365/5/1 366/5/1
f 370/5/1 369/5/1 368/5/1
f 371/5/1 369/5/1 370/5/1
f 379/5/1 373/5/1 372/5/1
f 379/5/1 378/5/1 377/5/1
f 379/5/1 377/5/1 376/5/1
f 379/5/1 376/5/1 375/5/1
f 379/5/1 375/5/1 374/5/1
f 379/5/1 374/5/1 373/5/1
f 380/5/1 378/5/1 379/5/1
f 383/5/1 382/5/1 381/5/1
f 384/5/1 382/5/1 383/5/1
f 385/3/1 384/3/1 383/3/1
f 386/3/1 384/3/1 385/3/1
f 389/5/1 388/5/1 387/5/1
f 390/5/1 388/5/1 389/5/1
f 393/5/1 392/5/1 391/5/1
f 394/5/1 392/5/1 393/5/1
f 399/5/1 398/5/1 397/5/1
f 400/5/1 398/5/1 399/5/1
f 404/5/1 396/5/1 395/5/1
f 405/5/1 396/5/1 404/5/1
f 405/5/1 404/5/1 403/5/1
f 406/5/1 396/5/1 405/5/1
f 407/5/1 405/5/1 403/5/1
f 409/5/1 407/5/1 403/5/1
f 409/5/1 408/5/1 407/5/1
f 410/5/1 408/5/1 409/5/1
f 411/5/1 402/5/1 401/5/1
f 412/5/1 402/5/1 411/5/1
f 413/5/1 408/5/1 410/5/1
f 414/5/1 408/5/1 413/5/1
f 415/3/1 412/3/1 411/3/1
f 416/3/1 412/3/1 415/3/1
f 417/3/1 414/3/1 413/3/1
f 418/3/1 414/3/1 417/3/1
f 421/5/1 420/5/1 419/5/1
f 422/5/1 420/5/1 421/5/1
f 425/5/1 424/5/1 423/5/1
f 426/5/1 424/5/1 425/5/1
f 429/5/1 428/5/1 427/5/1
f 430/5/1 428/5/1 429/5/1
f 434/5/1 432/5/1 431/5/1
f 435/5/1 432/5/1 434/5/1
f 435/5/1 434/5/1 433/5/1
f 436/5/1 432/5/1 435/5/1
f 437/5/1 435/5/1 433/5/1
f 439/5/1 437/5/1 433/5/1
f 439/5/1 438/5/1 437/5/1
f 440/5/1 438/5/1 439/5/1
f 441/5/1 438/5/1 440/5/1
f 442/5/1 438/5/1 441/5/1
f 443/3/1 442/3/1 441/3/1
f 444/3/1 442/3/1 443/3/1
f 447/5/1 446/5/1 445/5/1
f 448/5/1 446/5/1 447/5/1
f 451/5/1 450/5/1 449/5/1
f 452/5/1 450/5/1 451/5/1
f 455/5/1 454/5/1 453/5/1
f 456/5/1 454/5/1 455/5/1
f 459/5/1 458/5/1 457/5/1
f 460/5/1 458/5/1 459/5/1
f 463/5/1 462/5/1 461/5/1
f 464/5/1 462/5/1 463/5/1
f 467/5/1 466/5/1 465/5/1
f 468/5/1 466/5/1 467/5/1
f 471/5/1 470/5/1 469/5/1
f 472/5/1 470/5/1 471/5/1
f 475/5/1 474/5/1 473/5/1
f 476/5/1 474/5/1 475/5/1
f 479/5/1 478/5/1 477/5/1
f 480/5/1 478/5/1 479/5/1
f 483/5/1 482/5/1 481/5/1
f 484/5/1 482/5/1 483/5/1
f 487/5/1 486/5/1 485/5/1
f 488/5/1 486/5/1 487/5/1
f 491/5/1 490/5/1 489/5/1
f 492/5/1 490/5/1 491/5/1
f 495/3/1 494/3/1 493/3/1
f 496/3/1 494/3/1 495/3/1
f 499/5/1 498/5/1 497/5/1
f 500/5/1 498/5/1 499/5/1
f 505/3/1 502/3/1 501/3/1
f 506/3/1 502/3/1 505/3/1
f 507/3/1 504/3/1 503/3/1
f 508/3/1 504/3/1 507/3/1
f 511/5/1 510/5/1 509/5/1
f 512/5/1 510/5/1 511/5/1
f 515/5/1 514/5/1 513/5/1
f 516/5/1 514/5/1 515/5/1
f 521/3/1 518/3/1 517/3/1
f 522/3/1 518/3/1 521/3/1
f 523/3/1 520/3/1 519/3/1
f 524/3/1 520/3/1 523/3/1
f 535/5/1 526/5/1 525/5/1
f 535/5/1 527/5/1 526/5/1
f 535/5/1 528/5/1 527/5/1
f 536/5/1 528/5/1 535/5/1
f 537/5/1 534/5/1 533/5/1
f 537/5/1 533/5/1 532/5/1
f 537/5/1 531/5/1 530/5/1
f 537/5/1 530/5/1 529/5/1
f 537/5/1 532/5/1 531/5/1
f 538/5/1 534/5/1 537/5/1
f 541/5/1 540/5/1 539/5/1
f 542/5/1 540/5/1 541/5/1
f 545/3/1 544/3/1 543/3/1
f 546/3/1 544/3/1 545/3/1
f 549/5/1 548/5/1 547/5/1
f 550/5/1 548/5/1 549/5/1
f 553/5/1 552/5/1 551/5/1
f 554/5/1 552/5/1 553/5/1
f 557/5/1 556/5/1 555/5/1
f 558/5/1 556/5/1 557/5/1
f 561/5/1 560/5/1 559/5/1
f 562/5/1 560/5/1 561/5/1
f 573/5/1 564/5/1 563/5/1
f 573/5/1 565/5/1 564/5/1
f 573/5/1 566/5/1 565/5/1
f 574/5/1 566/5/1 573/5/1
f 575/5/1 572/5/1 571/5/1
f 575/5/1 571/5/1 570/5/1
f 575/5/1 569/5/1 568/5/1
f 575/5/1 568/5/1 567/5/1
f 575/5/1 570/5/1 569/5/1
f 576/5/1 572/5/1 575/5/1
f 579/5/1 578/5/1 577/5/1
f 580/5/1 578/5/1 579/5/1
f 589/5/1 582/5/1 581/5/1
f 590/5/1 582/5/1 589/5/1
f 591/5/1 584/5/1 583/5/1
f 592/5/1 584/5/1 591/5/1
f 593/5/1 586/5/1 585/5/1
f 594/5/1 586/5/1 593/5/1
f 595/5/1 588/5/1 587/5/1
f 596/5/1 588/5/1 595/5/1
f 597/5/1 588/5/1 596/5/1
f 598/5/1 588/5/1 597/5/1
f 599/5/1 589/5/1 581/5/1
f 600/5/1 589/5/1 599/5/1
f 601/5/1 597/5/1 596/5/1
f 602/5/1 597/5/1 601/5/1
f 606/3/2 607/3/2 610/3/2
f 608/3/2 609/3/2 610/3/2
f 607/3/2 608/3/2 610/3/2
f 606/3/2 610/3/2 611/3/2
f 611/3/2 612/3/2 613/3/2
f 613/3/2 612/3/2 614/3/2
f 611/3/2 613/3/2 615/3/2
f 614/3/2 612/3/2 616/3/2
f 611/3/2 615/3/2 617/3/2
f 615/3/2 616/3/2 617/3/2
f 616/3/2 612/3/2 618/3/2
f 617/3/2 616/3/2 618/3/2
f 611/3/2 617/3/2 619/3/2
f 618/3/2 612/3/2 620/3/2
f 611/3/2 619/3/2 621/3/2
f 619/3/2 620/3/2 621/3/2
f 620/3/2 612/3/2 622/3/2
f 621/3/2 620/3/2 622/3/2
f 611/3/2 621/3/2 623/3/2
f 622/3/2 612/3/2 624/3/2
f 624/3/2 612/3/2 625/3/2
f 623/3/2 624/3/2 625/3/2
f 625/3/2 612/3/2 626/3/2
f 603/3/2 604/3/2 627/3/2
f 604/3/2 605/3/2 627/3/2
f 623/3/2 625/3/2 628/3/2
f 606/3/2 611/3/2 628/3/2
f 611/3/2 623/3/2 628/3/2
f 628/3/2 625/3/2 629/3/2
f 627/3/2 628/3/2 629/3/2
f 626/3/2 612/3/2 630/3/2
f 630/3/2 612/3/2 631/3/2
f 629/3/2 630/3/2 631/3/2
f 631/3/2 612/3/2 632/3/2
f 627/3/2 629/3/2 633/3/2
f 629/3/2 631/3/2 633/3/2
f 633/3/2 631/3/2 634/3/2
f 634/3/2 631/3/2 635/3/2
f 635/3/2 631/3/2 636/3/2
f 636/3/2 631/3/2 637/3/2
f 637/3/2 631/3/2 638/3/2
f 627/3/2 633/3/2 639/3/2
f 634/3/2 635/3/2 640/3/2
f 640/3/2 635/3/2 641/3/2
f 636/3/2 637/3/2 642/3/2
f 642/3/2 637/3/2 643/3/2
f 638/3/2 631/3/2 644/3/2
f 644/3/2 631/3/2 645/3/2
f 632/3/2 612/3/2 646/3/2
f 644/3/2 645/3/2 647/3/2
f 645/3/2 646/3/2 647/3/2
f 603/3/2 627/3/2 647/3/2
f 642/3/2 643/3/2 647/3/2
f 643/3/2 644/3/2 647/3/2
f 640/3/2 641/3/2 647/3/2
f 641/3/2 642/3/2 647/3/2
f 627/3/2 639/3/2 647/3/2
f 639/3/2 640/3/2 647/3/2
f 647/3/2 646/3/2 648/3/2
f 648/3/2 646/3/2 649/3/2
f 649/3/2 646/3/2 650/3/2
f 603/3/2 647/3/2 651/3/2
f 648/3/2 649/3/2 652/3/2
f 652/3/2 649/3/2 653/3/2
f 650/3/2 646/3/2 654/3/2
f 652/3/2 653/3/2 655/3/2
f 653/3/2 654/3/2 655/3/2
f 603/3/2 651/3/2 655/3/2
f 651/3/2 652/3/2 655/3/2
f 646/3/2 612/3/2 656/3/2
f 655/3/2 654/3/2 656/3/2
f 654/3/2 646/3/2 656/3/2
f 657/3/2 658/3/2 659/3/2
f 659/3/2 658/3/2 660/3/2
f 659/5/2 660/5/2 661/5/2
f 661/5/2 660/5/2 662/5/2
f 663/3/2 664/3/2 665/3/2
f 665/3/2 664/3/2 666/3/2
f 667/6/2 668/6/2 679/6/2
f 679/6/2 668/6/2 680/6/2
f 669/6/2 670/6/2 681/6/2
f 681/6/2 670/6/2 682/6/2
f 671/6/2 672/6/2 683/6/2
f 683/6/2 672/6/2 684/6/2
f 673/6/2 674/6/2 685/6/2
f 685/6/2 674/6/2 686/6/2
f 675/6/2 676/6/2 687/6/2
f 687/6/2 676/6/2 688/6/2
f 677/6/2 678/6/2 689/6/2
f 689/6/2 678/6/2 690/6/2
f 693/5/2 694/5/2 695/5/2
f 695/5/2 694/5/2 696/5/2
f 696/5/2 694/5/2 697/5/2
f 697/5/2 694/5/2 698/5/2
f 698/5/2 694/5/2 699/5/2
f 699/5/2 694/5/2 700/5/2
f 700/5/2 694/5/2 701/5/2
f 701/5/2 694/5/2 702/5/2
f 702/5/2 694/5/2 703/5/2
f 703/5/2 694/5/2 704/5/2
f 704/5/2 694/5/2 705/5/2
f 705/5/2 694/5/2 706/5/2
f 707/5/2 708/5/2 709/5/2
f 709/5/2 708/5/2 710/5/2
f 691/5/2 692/5/2 711/5/2
f 711/5/2 692/5/2 712/5/2
f 693/5/2 695/5/2 713/5/2
f 696/5/2 697/5/2 714/5/2
f 714/5/2 697/5/2 715/5/2
f 698/5/2 699/5/2 716/5/2
f 716/5/2 699/5/2 717/5/2
f 700/5/2 701/5/2 718/5/2
f 718/5/2 701/5/2 719/5/2
f 702/5/2 703/5/2 720/5/2
f 720/5/2 703/5/2 721/5/2
f 704/5/2 705/5/2 722/5/2
f 722/5/2 705/5/2 723/5/2
f 706/5/2 694/5/2 724/5/2
f 723/5/2 724/5/2 725/5/2
f 722/5/2 723/5/2 725/5/2
f 693/5/2 713/5/2 725/5/2
f 721/5/2 722/5/2 725/5/2
f 720/5/2 721/5/2 725/5/2
f 719/5/2 720/5/2 725/5/2
f 714/5/2 715/5/2 725/5/2
f 717/5/2 718/5/2 725/5/2
f 718/5/2 719/5/2 725/5/2
f 715/5/2 716/5/2 725/5/2
f 716/5/2 717/5/2 725/5/2
f 713/5/2 714/5/2 725/5/2
f 724/5/2 694/5/2 726/5/2
f 725/5/2 724/5/2 726/5/2
f 727/3/2 728/3/2 729/3/2
f 729/3/2 728/3/2 730/3/2
f 731/3/2 732/3/2 733/3/2
f 733/3/2 732/3/2 734/3/2
f 735/5/2 736/5/2 737/5/2
f 737/5/2 736/5/2 738/5/2
f 739/3/2 740/3/2 741/3/2
f 741/3/2 740/3/2 742/3/2
f 743/3/2 744/3/2 745/3/2
f 745/3/2 744/3/2 746/3/2
f 747/5/2 748/5/2 752/5/2
f 750/5/2 751/5/2 752/5/2
f 749/5/2 750/5/2 752/5/2
f 748/5/2 749/5/2 752/5/2
f 752/5/2 751/5/2 753/5/2
f 754/5/2 755/5/2 756/5/2
f 756/5/2 755/5/2 757/5/2
f 758/5/2 759/5/2 760/5/2
f 760/5/2 759/5/2 761/5/2
f 762/5/2 763/5/2 764/5/2
f 764/5/2 763/5/2 765/5/2
f 766/5/2 767/5/2 768/5/2
f 768/5/2 767/5/2 769/5/2
f 770/5/2 771/5/2 772/5/2
f 772/5/2 771/5/2 773/5/2
f 774/5/2 775/5/2 776/5/2
f 776/5/2 775/5/2 777/5/2
f 778/3/2 779/3/2 780/3/2
f 780/3/2 779/3/2 781/3/2
f 782/5/2 783/5/2 786/5/2
f 784/5/2 785/5/2 787/5/2
f 782/5/2 786/5/2 788/5/2
f 786/5/2 787/5/2 788/5/2
f 787/5/2 785/5/2 789/5/2
f 788/5/2 787/5/2 789/5/2
f 790/5/2 791/5/2 792/5/2
f 792/5/2 791/5/2 793/5/2
f 794/3/2 795/3/2 796/3/2
f 796/3/2 795/3/2 797/3/2
f 798/5/2 799/5/2 804/5/2
f 800/5/2 801/5/2 805/5/2
f 802/5/2 803/5/2 806/5/2
f 804/5/2 805/5/2 808/5/2
f 798/5/2 804/5/2 808/5/2
f 805/5/2 801/5/2 809/5/2
f 808/5/2 805/5/2 809/5/2
f 806/5/2 807/5/2 810/5/2
f 802/5/2 806/5/2 810/5/2
f 810/5/2 807/5/2 811/5/2
f 798/5/2 808/5/2 812/5/2
f 809/5/2 801/5/2 813/5/2
f 802/5/2 810/5/2 814/5/2
f 798/5/2 812/5/2 816/5/2
f 812/5/2 813/5/2 816/5/2
f 813/5/2 801/5/2 817/5/2
f 816/5/2 813/5/2 817/5/2
f 814/5/2 815/5/2 818/5/2
f 802/5/2 814/5/2 818/5/2
f 818/5/2 815/5/2 819/5/2
f 798/5/2 816/5/2 820/5/2
f 817/5/2 801/5/2 821/5/2
f 802/5/2 818/5/2 822/5/2
f 798/5/2 820/5/2 824/5/2
f 820/5/2 821/5/2 824/5/2
f 821/5/2 801/5/2 825/5/2
f 824/5/2 821/5/2 825/5/2
f 822/5/2 823/5/2 826/5/2
f 802/5/2 822/5/2 826/5/2
f 826/5/2 823/5/2 827/5/2
f 828/3/2 829/3/2 851/3/2
f 829/3/2 830/3/2 851/3/2
f 830/3/2 831/3/2 851/3/2
f 831/3/2 832/3/2 851/3/2
f 832/3/2 833/3/2 851/3/2
f 833/3/2 834/3/2 851/3/2
f 851/3/2 834/3/2 852/3/2
f 852/3/2 834/3/2 853/3/2
f 853/3/2 834/3/2 854/3/2
f 849/3/2 850/3/2 855/3/2
f 848/3/2 849/3/2 855/3/2
f 847/3/2 848/3/2 855/3/2
f 846/3/2 847/3/2 855/3/2
f 845/3/2 846/3/2 855/3/2
f 843/3/2 844/3/2 855/3/2
f 842/3/2 843/3/2 855/3/2
f 841/3/2 842/3/2 855/3/2
f 840/3/2 841/3/2 855/3/2
f 839/3/2 840/3/2 855/3/2
f 838/3/2 839/3/2 855/3/2
f 837/3/2 838/3/2 855/3/2
f 836/3/2 837/3/2 855/3/2
f 835/3/2 836/3/2 855/3/2
f 844/3/2 845/3/2 855/3/2
f 855/3/2 850/3/2 856/3/2
f 856/3/2 850/3/2 857/3/2
f 857/3/2 850/3/2 858/3/2
f 851/2/2 852/2/2 859/2/2
f 852/1/2 853/1/2 860/1/2
f 859/2/2 852/2/2 860/2/2
f 853/2/2 854/2/2 861/2/2
f 860/1/2 853/1/2 861/1/2
f 861/2/2 854/2/2 862/2/2
f 855/2/2 856/2/2 863/2/2
f 856/1/2 857/1/2 864/1/2
f 863/2/2 856/2/2 864/2/2
f 857/2/2 858/2/2 865/2/2
f 864/1/2 857/1/2 865/1/2
f 865/2/2 858/2/2 866/2/2
f 867/3/2 868/3/2 869/3/2
f 869/3/2 868/3/2 870/3/2
f 871/5/2 872/5/2 873/5/2
f 873/5/2 872/5/2 874/5/2
f 873/2/2 874/2/2 875/2/2
f 875/2/2 874/2/2 876/2/2
f 877/5/2 878/5/2 879/5/2
f 879/5/2 878/5/2 880/5/2
f 879/2/2 880/2/2 881/2/2
f 881/2/2 880/2/2 882/2/2
f 883/5/2 884/5/2 887/5/2
f 887/5/2 884/5/2 888/5/2
f 885/5/2 886/5/2 889/5/2
f 889/5/2 886/5/2 890/5/2
f 889/2/2 890/2/2 891/2/2
f 891/2/2 890/2/2 892/2/2
f 893/5/2 894/5/2 895/5/2
f 895/5/2 894/5/2 896/5/2
f 897/5/2 898/5/2 899/5/2
f 899/5/2 898/5/2 900/5/2
f 901/5/2 902/5/2 903/5/2
f 903/5/2 902/5/2 904/5/2
f 903/2/2 904/2/2 905/2/2
f 905/2/2 904/2/2 906/2/2
f 907/5/2 908/5/2 909/5/2
f 909/5/2 908/5/2 910/5/2
f 911/5/2 912/5/2 923/5/2
f 912/5/2 913/5/2 923/5/2
f 913/5/2 914/5/2 923/5/2
f 914/5/2 915/5/2 923/5/2
f 915/5/2 916/5/2 923/5/2
f 923/5/2 916/5/2 924/5/2
f 919/5/2 920/5/2 925/5/2
f 918/5/2 919/5/2 925/5/2
f 917/5/2 918/5/2 925/5/2
f 925/5/2 920/5/2 926/5/2
f 923/2/2 924/2/2 927/2/2
f 927/2/2 924/2/2 928/2/2
f 917/5/2 925/5/2 929/5/2
f 926/5/2 920/5/2 930/5/2
f 917/5/2 929/5/2 931/5/2
f 929/5/2 930/5/2 931/5/2
f 930/5/2 920/5/2 932/5/2
f 931/5/2 930/5/2 932/5/2
f 917/5/2 931/5/2 933/5/2
f 932/5/2 920/5/2 934/5/2
f 917/5/2 933/5/2 935/5/2
f 933/5/2 934/5/2 935/5/2
f 934/5/2 920/5/2 936/5/2
f 935/5/2 934/5/2 936/5/2
f 917/5/2 935/5/2 937/5/2
f 936/5/2 920/5/2 938/5/2
f 917/5/2 937/5/2 939/5/2
f 937/5/2 938/5/2 939/5/2
f 938/5/2 920/5/2 940/5/2
f 939/5/2 938/5/2 940/5/2
f 917/5/2 939/5/2 941/5/2
f 940/5/2 920/5/2 942/5/2
f 917/5/2 941/5/2 943/5/2
f 941/5/2 942/5/2 943/5/2
f 942/5/2 920/5/2 944/5/2
f 943/5/2 942/5/2 944/5/2
f 917/5/2 943/5/2 945/5/2
f 944/5/2 920/5/2 946/5/2
f 917/5/2 945/5/2 947/5/2
f 945/5/2 946/5/2 947/5/2
f 946/5/2 920/5/2 948/5/2
f 947/5/2 946/5/2 948/5/2
f 917/5/2 947/5/2 949/5/2
f 948/5/2 920/5/2 950/5/2
f 917/5/2 949/5/2 951/5/2
f 949/5/2 950/5/2 951/5/2
f 950/5/2 920/5/2 952/5/2
f 951/5/2 950/5/2 952/5/2
f 917/5/2 951/5/2 953/5/2
f 952/5/2 920/5/2 954/5/2
f 917/5/2 953/5/2 955/5/2
f 953/5/2 954/5/2 955/5/2
f 954/5/2 920/5/2 956/5/2
f 955/5/2 954/5/2 956/5/2
f 917/5/2 955/5/2 957/5/2
f 956/5/2 920/5/2 958/5/2
f 917/5/2 957/5/2 959/5/2
f 957/5/2 958/5/2 959/5/2
f 958/5/2 920/5/2 960/5/2
f 959/5/2 958/5/2 960/5/2
f 917/5/2 959/5/2 961/5/2
f 960/5/2 920/5/2 962/5/2
f 917/5/2 961/5/2 963/5/2
f 961/5/2 962/5/2 963/5/2
f 962/5/2 920/5/2 964/5/2
f 963/5/2 962/5/2 964/5/2
f 917/5/2 963/5/2 965/5/2
f 964/5/2 920/5/2 966/5/2
f 917/5/2 965/5/2 967/5/2
f 965/5/2 966/5/2 967/5/2
f 966/5/2 920/5/2 968/5/2
f 967/5/2 966/5/2 968/5/2
f 917/5/2 967/5/2 969/5/2
f 968/5/2 920/5/2 970/5/2
f 917/5/2 969/5/2 971/5/2
f 969/5/2 970/5/2 971/5/2
f 920/3/2 921/3/2 972/3/2
f 971/5/2 970/5/2 972/5/2
f 970/5/2 920/5/2 972/5/2
f 921/5/2 922/5/2 973/5/2
f 972/3/2 921/3/2 973/3/2
f 973/5/2 922/5/2 974/5/2
f 975/5/2 976/5/2 977/5/2
f 977/5/2 976/5/2 978/5/2
f 975/5/2 977/5/2 980/5/2
f 978/5/2 976/5/2 981/5/2
f 979/5/2 980/5/2 983/5/2
f 980/5/2 977/5/2 984/5/2
f 983/5/2 980/5/2 984/5/2
f 981/5/2 982/5/2 985/5/2
f 978/5/2 981/5/2 985/5/2
f 985/5/2 982/5/2 986/5/2
f 987/5/2 988/5/2 989/5/2
f 989/5/2 988/5/2 990/5/2
f 987/5/2 989/5/2 991/5/2
f 990/5/2 988/5/2 992/5/2
f 987/5/2 991/5/2 993/5/2
f 991/5/2 992/5/2 993/5/2
f 992/5/2 988/5/2 994/5/2
f 993/5/2 992/5/2 994/5/2
f 995/5/2 996/5/2 997/5/2
f 997/5/2 996/5/2 998/5/2
f 995/5/2 997/5/2 1000/5/2
f 998/5/2 996/5/2 1001/5/2
f 999/5/2 1000/5/2 1003/5/2
f 1000/5/2 997/5/2 1004/5/2
f 1003/5/2 1000/5/2 1004/5/2
f 1001/5/2 1002/5/2 1005/5/2
f 998/5/2 1001/5/2 1005/5/2
f 1005/5/2 1002/5/2 1006/5/2
f 1007/5/2 1008/5/2 1009/5/2
f 1009/5/2 1008/5/2 1010/5/2
f 1011/5/2 1012/5/2 1013/5/2
f 1013/5/2 1012/5/2 1014/5/2
f 1015/5/2 1016/5/2 1017/5/2
f 1017/5/2 1016/5/2 1018/5/2
f 1019/5/2 1020/5/2 1021/5/2
f 1021/5/2 1020/5/2 1022/5/2
f 1023/3/2 1024/3/2 1025/3/2
f 1025/3/2 1024/3/2 1026/3/2
f 1027/5/2 1028/5/2 1029/5/2
f 1029/5/2 1028/5/2 1030/5/2
f 1031/3/2 1032/3/2 1035/3/2
f 1035/3/2 1032/3/2 1036/3/2
f 1033/3/2 1034/3/2 1037/3/2
f 1037/3/2 1034/3/2 1038/3/2
f 1039/3/2 1040/3/2 1043/3/2
f 1043/3/2 1040/3/2 1044/3/2
f 1041/3/2 1042/3/2 1045/3/2
f 1045/3/2 1042/3/2 1046/3/2
f 1047/5/2 1048/5/2 1053/5/2
f 1053/5/2 1048/5/2 1054/5/2
f 1054/5/2 1048/5/2 1055/5/2
f 1053/5/2 1054/5/2 1056/5/2
f 1054/1/2 1055/1/2 1056/1/2
f 1055/5/2 1048/5/2 1057/5/2
f 1056/1/2 1055/1/2 1057/1/2
f 1051/5/2 1052/5/2 1058/5/2
f 1049/5/2 1050/5/2 1058/5/2
f 1050/5/2 1051/5/2 1058/5/2
f 1058/5/2 1052/5/2 1059/5/2
f 1056/5/2 1057/5/2 1060/5/2
f 1053/5/2 1056/5/2 1060/5/2
f 1057/5/2 1048/5/2 1061/5/2
f 1060/5/2 1057/5/2 1061/5/2
f 1062/3/2 1063/3/2 1064/3/2
f 1064/3/2 1063/3/2 1065/3/2
f 1066/5/2 1067/5/2 1068/5/2
f 1068/5/2 1067/5/2 1069/5/2
f 1070/5/2 1071/5/2 1072/5/2
f 1072/5/2 1071/5/2 1073/5/2
f 1074/5/2 1075/5/2 1076/5/2
f 1076/5/2 1075/5/2 1077/5/2
f 1076/3/2 1077/3/2 1078/3/2
f 1078/3/2 1077/3/2 1079/3/2
f 1080/5/2 1081/5/2 1082/5/2
f 1082/5/2 1081/5/2 1083/5/2
f 1084/5/2 1085/5/2 1089/5/2
f 1086/5/2 1087/5/2 1089/5/2
f 1085/5/2 1086/5/2 1089/5/2
f 1088/5/2 1089/5/2 1090/5/2
f 1089/5/2 1087/5/2 1091/5/2
f 1090/5/2 1089/5/2 1091/5/2
f 1091/5/2 1087/5/2 1092/5/2
f 1092/5/2 1087/5/2 1093/5/2
f 1093/5/2 1087/5/2 1094/5/2
f 1088/5/2 1090/5/2 1095/5/2
f 1088/5/2 1095/5/2 1097/5/2
f 1095/5/2 1096/5/2 1097/5/2
f 1097/5/2 1096/5/2 1098/5/2
f 1099/5/2 1100/5/2 1101/5/2
f 1101/5/2 1100/5/2 1102/5/2
f 1103/5/2 1104/5/2 1105/5/2
f 1105/5/2 1104/5/2 1106/5/2
f 1107/5/2 1108/5/2 1109/5/2
f 1109/5/2 1108/5/2 1110/5/2
f 1109/3/2 1110/3/2 1111/3/2
f 1111/3/2 1110/3/2 1112/3/2
f 1113/5/2 1114/5/2 1115/5/2
f 1115/5/2 1114/5/2 1116/5/2
f 1117/5/2 1118/5/2 1119/5/2
f 1119/5/2 1118/5/2 1120/5/2
f 1123/5/2 1124/5/2 1125/5/2
f 1125/5/2 1124/5/2 1126/5/2
f 1121/5/2 1122/5/2 1130/5/2
f 1130/5/2 1122/5/2 1131/5/2
f 1129/5/2 1130/5/2 1131/5/2
f 1131/5/2 1122/5/2 1132/5/2
f 1129/5/2 1131/5/2 1133/5/2
f 1129/5/2 1133/5/2 1135/5/2
f 1133/5/2 1134/5/2 1135/5/2
f 1135/5/2 1134/5/2 1136/5/2
f 1127/5/2 1128/5/2 1137/5/2
f 1137/5/2 1128/5/2 1138/5/2
f 1136/5/2 1134/5/2 1139/5/2
f 1139/5/2 1134/5/2 1140/5/2
f 1137/3/2 1138/3/2 1141/3/2
f 1141/3/2 1138/3/2 1142/3/2
f 1139/3/2 1140/3/2 1143/3/2
f 1143/3/2 1140/3/2 1144/3/2
f 1145/5/2 1146/5/2 1147/5/2
f 1147/5/2 1146/5/2 1148/5/2
f 1149/5/2 1150/5/2 1151/5/2
f 1151/5/2 1150/5/2 1152/5/2
f 1153/5/2 1154/5/2 1155/5/2
f 1155/5/2 1154/5/2 1156/5/2
f 1157/5/2 1158/5/2 1159/5/2
f 1159/5/2 1158/5/2 1160/5/2
f 1161/5/2 1162/5/2 1164/5/2
f 1164/5/2 1162/5/2 1165/5/2
f 1163/5/2 1164/5/2 1165/5/2
f 1165/5/2 1162/5/2 1166/5/2
f 1163/5/2 1165/5/2 1167/5/2
f 1163/5/2 1167/5/2 1169/5/2
f 1167/5/2 1168/5/2 1169/5/2
f 1169/5/2 1168/5/2 1170/5/2
f 1170/5/2 1168/5/2 1171/5/2
f 1171/5/2 1168/5/2 1172/5/2
f 1171/3/2 1172/3/2 1173/3/2
f 1173/3/2 1172/3/2 1174/3/2
f 1175/5/2 1176/5/2 1177/5/2
f 1177/5/2 1176/5/2 1178/5/2
f 1179/5/2 1180/5/2 1181/5/2
f 1181/5/2 1180/5/2 1182/5/2
f 1183/5/2 1184/5/2 1185/5/2
f 1185/5/2 1184/5/2 1186/5/2
f 1187/5/2 1188/5/2 1189/5/2
f 1189/5/2 1188/5/2 1190/5/2
f 1191/5/2 1192/5/2 1193/5/2
f 1193/5/2 1192/5/2 1194/5/2
f 1195/5/2 1196/5/2 1197/5/2
f 1197/5/2 1196/5/2 1198/5/2
f 1199/5/2 1200/5/2 1201/5/2
f 1201/5/2 1200/5/2 1202/5/2
f 1203/5/2 1204/5/2 1205/5/2
f 1205/5/2 1204/5/2 1206/5/2
f 1207/5/2 1208/5/2 1209/5/2
f 1209/5/2 1208/5/2 1210/5/2
f 1211/5/2 1212/5/2 1213/5/2
f 1213/5/2 1212/5/2 1214/5/2
f 1215/5/2 1216/5/2 1220/5/2
f 1218/5/2 1219/5/2 1220/5/2
f 1217/5/2 1218/5/2 1220/5/2
f 1216/5/2 1217/5/2 1220/5/2
f 1220/5/2 1219/5/2 1221/5/2
f 1215/5/2 1220/5/2 1222/5/2
f 1221/5/2 1219/5/2 1223/5/2
f 1215/5/2 1222/5/2 1224/5/2
f 1222/5/2 1223/5/2 1224/5/2
f 1223/5/2 1219/5/2 1225/5/2
f 1224/5/2 1223/5/2 1225/5/2
f 1226/5/2 1227/5/2 1228/5/2
f 1228/5/2 1227/5/2 1229/5/2
f 1230/5/2 1231/5/2 1232/5/2
f 1232/5/2 1231/5/2 1233/5/2
f 1230/5/2 1232/5/2 1234/5/2
f 1233/5/2 1231/5/2 1235/5/2
f 1230/5/2 1234/5/2 1236/5/2
f 1234/5/2 1235/5/2 1236/5/2
f 1236/5/2 1235/5/2 1237/5/2
f 1230/5/2 1236/5/2 1238/5/2
f 1237/5/2 1235/5/2 1239/5/2
f 1230/5/2 1238/5/2 1240/5/2
f 1238/5/2 1239/5/2 1240/5/2
f 1235/5/2 1231/5/2 1241/5/2
f 1240/5/2 1239/5/2 1241/5/2
f 1239/5/2 1235/5/2 1241/5/2
f 1242/3/2 1243/3/2 1244/3/2
f 1244/3/2 1243/3/2 1245/3/2
f 1246/3/2 1247/3/2 1250/3/2
f 1250/3/2 1247/3/2 1251/3/2
f 1248/3/2 1249/3/2 1252/3/2
f 1252/3/2 1249/3/2 1253/3/2
f 1254/5/2 1255/5/2 1256/5/2
f 1256/5/2 1255/5/2 1257/5/2
f 1258/5/2 1259/5/2 1260/5/2
f 1260/5/2 1259/5/2 1261/5/2
f 1262/5/2 1263/5/2 1264/5/2
f 1264/5/2 1263/5/2 1265/5/2
f 1266/3/2 1267/3/2 1270/3/2
f 1270/3/2 1267/3/2 1271/3/2
f 1268/3/2 1269/3/2 1272/3/2
f 1272/3/2 1269/3/2 1273/3/2
f 1274/3/2 1275/3/2 1276/3/2
f 1276/3/2 1275/3/2 1277/3/2
f 1278/5/2 1279/5/2 1288/5/2
f 1279/5/2 1280/5/2 1288/5/2
f 1280/5/2 1281/5/2 1288/5/2
f 1288/5/2 1281/5/2 1289/5/2
f 1286/5/2 1287/5/2 1290/5/2
f 1285/5/2 1286/5/2 1290/5/2
f 1283/5/2 1284/5/2 1290/5/2
f 1282/5/2 1283/5/2 1290/5/2
f 1284/5/2 1285/5/2 1290/5/2
f 1290/5/2 1287/5/2 1291/5/2
f 1292/5/2 1293/5/2 1294/5/2
f 1294/5/2 1293/5/2 1295/5/2
f 1296/5/2 1297/5/2 1298/5/2
f 1298/5/2 1297/5/2 1299/5/2
f 1300/5/2 1301/5/2 1302/5/2
f 1302/5/2 1301/5/2 1303/5/2
f 1304/5/2 1305/5/2 1306/5/2
f 1306/5/2 1305/5/2 1307/5/2
f 1308/5/2 1309/5/2 1310/5/2
f 1310/5/2 1309/5/2 1311/5/2
f 1312/5/2 1313/5/2 1322/5/2
f 1313/5/2 1314/5/2 1322/5/2
f 1314/5/2 1315/5/2 1322/5/2
f 1322/5/2 1315/5/2 1323/5/2
f 1320/5/2 1321/5/2 1324/5/2
f 1319/5/2 1320/5/2 1324/5/2
f 1317/5/2 1318/5/2 1324/5/2
f 1316/5/2 1317/5/2 1324/5/2
f 1318/5/2 1319/5/2 1324/5/2
f 1324/5/2 1321/5/2 1325/5/2
f 1326/5/2 1327/5/2 1328/5/2
f 1328/5/2 1327/5/2 1329/5/2
f 1330/2/2 1331/2/2 1364/2/2
f 1331/1/2 1332/1/2 1365/1/2
f 1364/2/2 1331/2/2 1365/2/2
f 1332/2/2 1333/2/2 1366/2/2
f 1365/1/2 1332/1/2 1366/1/2
f 1333/1/2 1334/1/2 1367/1/2
f 1366/2/2 1333/2/2 1367/2/2
f 1334/2/2 1335/2/2 1368/2/2
f 1367/1/2 1334/1/2 1368/1/2
f 1335/1/2 1336/1/2 1369/1/2
f 1368/2/2 1335/2/2 1369/2/2
f 1336/2/2 1337/2/2 1370/2/2
f 1369/1/2 1336/1/2 1370/1/2
f 1337/1/2 1338/1/2 1371/1/2
f 1370/2/2 1337/2/2 1371/2/2
f 1338/2/2 1339/2/2 1372/2/2
f 1371/1/2 1338/1/2 1372/1/2
f 1339/1/2 1340/1/2 1373/1/2
f 1372/2/2 1339/2/2 1373/2/2
f 1340/2/2 1341/2/2 1374/2/2
f 1373/1/2 1340/1/2 1374/1/2
f 1341/1/2 1342/1/2 1375/1/2
f 1374/2/2 1341/2/2 1375/2/2
f 1342/2/2 1343/2/2 1376/2/2
f 1375/1/2 1342/1/2 1376/1/2
f 1343/1/2 1344/1/2 1377/1/2
f 1376/2/2 1343/2/2 1377/2/2
f 1344/2/2 1345/2/2 1378/2/2
f 1377/1/2 1344/1/2 1378/1/2
f 1345/1/2 1346/1/2 1379/1/2
f 1378/2/2 1345/2/2 1379/2/2
f 1346/2/2 1347/2/2 1380/2/2
f 1379/1/2 1346/1/2 1380/1/2
f 1347/1/2 1348/1/2 1381/1/2
f 1380/2/2 1347/2/2 1381/2/2
f 1348/2/2 1349/2/2 1382/2/2
f 1381/1/2 1348/1/2 1382/1/2
f 1349/1/2 1350/1/2 1383/1/2
f 1382/2/2 1349/2/2 1383/2/2
f 1350/2/2 1351/2/2 1384/2/2
f 1383/1/2 1350/1/2 1384/1/2
f 1351/1/2 1352/1/2 1385/1/2
f 1384/2/2 1351/2/2 1385/2/2
f 1352/2/2 1353/2/2 1386/2/2
f 1385/1/2 1352/1/2 1386/1/2
f 1353/1/2 1354/1/2 1387/1/2
f 1386/2/2 1353/2/2 1387/2/2
f 1354/2/2 1355/2/2 1388/2/2
f 1387/1/2 1354/1/2 1388/1/2
f 1355/1/2 1356/1/2 1389/1/2
f 1388/2/2 1355/2/2 1389/2/2
f 1356/2/2 1357/2/2 1390/2/2
f 1389/1/2 1356/1/2 1390/1/2
f 1357/1/2 1358/1/2 1391/1/2
f 1390/2/2 1357/2/2 1391/2/2
f 1358/2/2 1359/2/2 1392/2/2
f 1391/1/2 1358/1/2 1392/1/2
f 1359/1/2 1360/1/2 1393/1/2
f 1392/2/2 1359/2/2 1393/2/2
f 1360/2/2 1361/2/2 1394/2/2
f 1393/1/2 1360/1/2 1394/1/2
f 1361/1/2 1362/1/2 1395/1/2
f 1394/2/2 1361/2/2 1395/2/2
f 1362/2/2 1363/2/2 1396/2/2
f 1395/1/2 1362/1/2 1396/1/2
f 1396/2/2 1363/2/2 1397/2/2
f 1397/2/2 1363/2/2 1398/2/2
f 1397/3/2 1398/3/2 1401/3/2
f 1399/3/2 1400/3/2 1402/3/2
f 1400/5/2 1401/5/2 1402/5/2
f 1401/3/2 1398/3/2 1403/3/2
f 1402/5/2 1401/5/2 1403/5/2
f 1399/3/2 1402/3/2 1404/3/2
f 1402/3/2 1403/3/2 1404/3/2
f 1403/3/2 1398/3/2 1405/3/2
f 1404/3/2 1403/3/2 1405/3/2
f 1406/5/2 1407/5/2 1409/5/2
f 1408/5/2 1409/5/2 1410/5/2
f 1410/5/2 1409/5/2 1411/5/2
f 1411/5/2 1409/5/2 1412/5/2
f 1409/5/2 1407/5/2 1413/5/2
f 1412/5/2 1409/5/2 1413/5/2
f 1408/5/2 1410/5/2 1414/5/2
f 1414/5/2 1410/5/2 1415/5/2
f 1411/5/2 1412/5/2 1416/5/2
f 1416/5/2 1412/5/2 1417/5/2
f 1421/2/3 1419/2/3 1418/2/3
f 1421/3/3 1420/3/3 1419/3/3
f 1422/3/3 1420/3/3 1421/3/3
f 1423/2/3 1421/2/3 1418/2/3
f 1424/2/3 1421/2/3 1423/2/3
f 1425/1/3 1424/1/3 1423/1/3
f 1426/1/3 1424/1/3 1425/1/3
f 1427/2/3 1426/2/3 1425/2/3
f 1428/2/3 1426/2/3 1427/2/3
f 1429/1/3 1428/1/3 1427/1/3
f 1430/1/3 1428/1/3 1429/1/3
f 1431/2/3 1430/2/3 1429/2/3
f 1432/2/3 1430/2/3 1431/2/3
f 1433/1/3 1432/1/3 1431/1/3
f 1434/1/3 1432/1/3 1433/1/3
f 1435/2/3 1434/2/3 1433/2/3
f 1436/2/3 1434/2/3 1435/2/3
f 1437/3/3 1420/3/3 1422/3/3
f 1438/3/3 1420/3/3 1437/3/3
f 1442/5/3 1440/5/3 1439/5/3
f 1443/5/3 1442/5/3 1441/5/3
f 1444/5/3 1440/5/3 1442/5/3
f 1444/5/3 1442/5/3 1443/5/3
f 1447/5/3 1446/5/3 1445/5/3
f 1448/5/3 1446/5/3 1447/5/3
f 1449/5/3 1446/5/3 1448/5/3
f 1450/5/3 1446/5/3 1449/5/3
f 1453/5/3 1452/5/3 1451/5/3
f 1454/5/3 1452/5/3 1453/5/3
f 1456/5/3 1452/5/3 1454/5/3
f 1457/5/3 1456/5/3 1455/5/3
f 1458/5/3 1452/5/3 1456/5/3
f 1458/5/3 1456/5/3 1457/5/3
f 1461/5/3 1460/5/3 1459/5/3
f 1462/5/3 1460/5/3 1461/5/3
f 1464/5/3 1460/5/3 1462/5/3
f 1465/5/3 1464/5/3 1463/5/3
f 1466/5/3 1460/5/3 1464/5/3
f 1466/5/3 1464/5/3 1465/5/3
f 1469/5/3 1468/5/3 1467/5/3
f 1470/5/3 1468/5/3 1469/5/3
f 1472/5/3 1468/5/3 1470/5/3
f 1473/5/3 1472/5/3 1471/5/3
f 1474/5/3 1468/5/3 1472/5/3
f 1474/5/3 1472/5/3 1473/5/3
f 1477/5/3 1476/5/3 1475/5/3
f 1478/5/3 1476/5/3 1477/5/3
f 1481/5/3 1480/5/3 1479/5/3
f 1482/5/3 1480/5/3 1481/5/3
f 1485/5/3 1484/5/3 1483/5/3
f 1486/5/3 1484/5/3 1485/5/3
f 1489/5/3 1488/5/3 1487/5/3
f 1490/5/3 1488/5/3 1489/5/3
f 1493/5/3 1492/5/3 1491/5/3
f 1494/5/3 1492/5/3 1493/5/3
f 1497/5/3 1496/5/3 1495/5/3
f 1498/5/3 1496/5/3 1497/5/3
f 1501/5/3 1500/5/3 1499/5/3
f 1502/5/3 1500/5/3 1501/5/3
f 1505/5/3 1504/5/3 1503/5/3
f 1506/5/3 1504/5/3 1505/5/3
f 1509/5/3 1508/5/3 1507/5/3
f 1510/5/3 1508/5/3 1509/5/3
f 1513/5/3 1512/5/3 1511/5/3
f 1514/5/3 1512/5/3 1513/5/3
f 1517/5/3 1516/5/3 1515/5/3
f 1518/5/3 1516/5/3 1517/5/3
f 1522/3/3 1520/3/3 1519/3/3
f 1523/3/3 1520/3/3 1522/3/3
f 1524/2/3 1521/2/3 1520/2/3
f 1524/3/3 1520/3/3 1523/3/3
f 1525/2/3 1521/2/3 1524/2/3
f 1526/3/3 1524/3/3 1523/3/3
f 1526/1/3 1525/1/3 1524/1/3
f 1527/1/3 1525/1/3 1526/1/3
f 1528/3/3 1526/3/3 1523/3/3
f 1528/2/3 1527/2/3 1526/2/3
f 1529/2/3 1527/2/3 1528/2/3
f 1530/3/3 1528/3/3 1523/3/3
f 1530/1/3 1529/1/3 1528/1/3
f 1531/1/3 1529/1/3 1530/1/3
f 1532/3/3 1530/3/3 1523/3/3
f 1533/2/3 1531/2/3 1530/2/3
f 1533/3/3 1530/3/3 1532/3/3
f 1534/2/3 1531/2/3 1533/2/3
f 1537/5/3 1536/5/3 1535/5/3
f 1538/5/3 1536/5/3 1537/5/3
f 1546/5/3 1540/5/3 1539/5/3
f 1547/5/3 1540/5/3 1546/5/3
f 1548/5/3 1542/5/3 1541/5/3
f 1549/5/3 1542/5/3 1548/5/3
f 1550/5/3 1544/5/3 1543/5/3
f 1551/5/3 1549/5/3 1548/5/3
f 1551/5/3 1550/5/3 1549/5/3
f 1551/5/3 1547/5/3 1546/5/3
f 1551/5/3 1546/5/3 1545/5/3
f 1551/5/3 1548/5/3 1547/5/3
f 1552/5/3 1544/5/3 1550/5/3
f 1552/5/3 1550/5/3 1551/5/3
f 1555/5/3 1554/5/3 1553/5/3
f 1556/5/3 1554/5/3 1555/5/3
f 1559/5/3 1558/5/3 1557/5/3
f 1560/5/3 1558/5/3 1559/5/3
f 1563/5/3 1562/5/3 1561/5/3
f 1564/5/3 1562/5/3 1563/5/3
f 1567/3/3 1566/3/3 1565/3/3
f 1568/3/3 1566/3/3 1567/3/3
f 1571/3/3 1570/3/3 1569/3/3
f 1572/3/3 1570/3/3 1571/3/3
f 1575/3/3 1574/3/3 1573/3/3
f 1576/3/3 1574/3/3 1575/3/3
f 1579/3/3 1578/3/3 1577/3/3
f 1580/3/3 1578/3/3 1579/3/3
f 1583/3/3 1582/3/3 1581/3/3
f 1584/3/3 1582/3/3 1583/3/3
f 1587/3/3 1586/3/3 1585/3/3
f 1588/3/3 1586/3/3 1587/3/3
f 1591/3/3 1590/3/3 1589/3/3
f 1592/3/3 1590/3/3 1591/3/3
f 1597/5/3 1594/5/3 1593/5/3
f 1598/5/3 1594/5/3 1597/5/3
f 1599/3/3 1596/3/3 1595/3/3
f 1600/3/3 1596/3/3 1599/3/3
f 1601/5/3 1594/5/3 1598/5/3
f 1602/5/3 1594/5/3 1601/5/3
f 1605/3/3 1604/3/3 1603/3/3
f 1606/3/3 1604/3/3 1605/3/3
f 1609/3/3 1608/3/3 1607/3/3
f 1610/3/3 1608/3/3 1609/3/3
f 1613/3/3 1612/3/3 1611/3/3
f 1614/3/3 1612/3/3 1613/3/3
f 1617/3/3 1616/3/3 1615/3/3
f 1618/3/3 1616/3/3 1617/3/3
f 1621/5/3 1620/5/3 1619/5/3
f 1622/5/3 1620/5/3 1621/5/3
f 1623/5/3 1621/5/3 1619/5/3
f 1624/5/3 1620/5/3 1622/5/3
f 1625/5/3 1623/5/3 1619/5/3
f 1625/5/3 1624/5/3 1623/5/3
f 1626/5/3 1620/5/3 1624/5/3
f 1626/5/3 1624/5/3 1625/5/3
f 1633/5/3 1628/5/3 1627/5/3
f 1634/5/3 1628/5/3 1633/5/3
f 1635/5/3 1630/5/3 1629/5/3
f 1636/5/3 1630/5/3 1635/5/3
f 1637/5/3 1632/5/3 1631/5/3
f 1638/5/3 1632/5/3 1637/5/3
f 1641/3/3 1640/3/3 1639/3/3
f 1642/3/3 1640/3/3 1641/3/3
f 1645/5/3 1644/5/3 1643/5/3
f 1646/5/3 1644/5/3 1645/5/3
f 1649/3/3 1648/3/3 1647/3/3
f 1650/3/3 1648/3/3 1649/3/3
f 1654/5/3 1652/5/3 1651/5/3
f 1655/5/3 1652/5/3 1654/5/3
f 1656/2/3 1653/2/3 1652/2/3
f 1656/5/3 1652/5/3 1655/5/3
f 1657/2/3 1653/2/3 1656/2/3
f 1658/5/3 1654/5/3 1651/5/3
f 1659/5/3 1654/5/3 1658/5/3
f 1660/2/3 1655/2/3 1654/2/3
f 1660/5/3 1654/5/3 1659/5/3
f 1661/2/3 1655/2/3 1660/2/3
f 1662/5/3 1658/5/3 1651/5/3
f 1663/5/3 1658/5/3 1662/5/3
f 1664/2/3 1659/2/3 1658/2/3
f 1664/5/3 1658/5/3 1663/5/3
f 1665/2/3 1659/2/3 1664/2/3
f 1666/5/3 1662/5/3 1651/5/3
f 1667/5/3 1662/5/3 1666/5/3
f 1668/2/3 1663/2/3 1662/2/3
f 1668/5/3 1662/5/3 1667/5/3
f 1669/2/3 1663/2/3 1668/2/3
f 1670/5/3 1666/5/3 1651/5/3
f 1671/2/3 1667/2/3 1666/2/3
f 1671/5/3 1666/5/3 1670/5/3
f 1672/2/3 1667/2/3 1671/2/3
f 1675/5/3 1674/5/3 1673/5/3
f 1676/5/3 1674/5/3 1675/5/3
f 1679/5/3 1678/5/3 1677/5/3
f 1680/5/3 1678/5/3 1679/5/3
f 1681/5/3 1678/5/3 1680/5/3
f 1682/5/3 1678/5/3 1681/5/3
f 1683/5/3 1678/5/3 1682/5/3
f 1684/5/3 1678/5/3 1683/5/3
f 1685/5/3 1678/5/3 1684/5/3
f 1686/5/3 1678/5/3 1685/5/3
f 1687/5/3 1678/5/3 1686/5/3
f 1688/5/3 1678/5/3 1687/5/3
f 1690/5/3 1683/5/3 1682/5/3
f 1691/5/3 1683/5/3 1690/5/3
f 1692/5/3 1685/5/3 1684/5/3
f 1693/5/3 1685/5/3 1692/5/3
f 1694/5/3 1687/5/3 1686/5/3
f 1695/5/3 1687/5/3 1694/5/3
f 1696/5/3 1678/5/3 1688/5/3
f 1697/5/3 1695/5/3 1694/5/3
f 1697/5/3 1696/5/3 1695/5/3
f 1697/5/3 1691/5/3 1690/5/3
f 1697/5/3 1693/5/3 1692/5/3
f 1697/5/3 1694/5/3 1693/5/3
f 1697/5/3 1690/5/3 1689/5/3
f 1697/5/3 1692/5/3 1691/5/3
f 1698/5/3 1678/5/3 1696/5/3
f 1698/5/3 1696/5/3 1697/5/3
f 1701/5/3 1700/5/3 1699/5/3
f 1702/5/3 1700/5/3 1701/5/3
f 1705/5/3 1704/5/3 1703/5/3
f 1706/5/3 1704/5/3 1705/5/3
f 1709/5/3 1708/5/3 1707/5/3
f 1710/5/3 1708/5/3 1709/5/3
f 1714/5/3 1712/5/3 1711/5/3
f 1715/3/3 1713/3/3 1712/3/3
f 1715/5/3 1712/5/3 1714/5/3
f 1716/3/3 1713/3/3 1715/3/3
f 1719/5/3 1718/5/3 1717/5/3
f 1720/5/3 1718/5/3 1719/5/3
f 1723/5/3 1722/5/3 1721/5/3
f 1724/5/3 1722/5/3 1723/5/3
f 1727/5/3 1726/5/3 1725/5/3
f 1728/5/3 1726/5/3 1727/5/3
f 1731/5/3 1730/5/3 1729/5/3
f 1732/5/3 1730/5/3 1731/5/3
f 1735/5/3 1734/5/3 1733/5/3
f 1736/5/3 1734/5/3 1735/5/3
f 1739/5/3 1738/5/3 1737/5/3
f 1740/5/3 1738/5/3 1739/5/3
f 1744/5/3 1742/5/3 1741/5/3
f 1745/3/3 1743/3/3 1742/3/3
f 1745/5/3 1742/5/3 1744/5/3
f 1746/3/3 1743/3/3 1745/3/3
f 1749/5/3 1748/5/3 1747/5/3
f 1750/5/3 1748/5/3 1749/5/3
f 1754/5/3 1752/5/3 1751/5/3
f 1755/5/3 1754/5/3 1753/5/3
f 1756/5/3 1752/5/3 1754/5/3
f 1756/5/3 1754/5/3 1755/5/3
f 1759/5/3 1758/5/3 1757/5/3
f 1760/5/3 1758/5/3 1759/5/3
f 1763/5/3 1762/5/3 1761/5/3
f 1764/5/3 1762/5/3 1763/5/3
f 1768/5/3 1766/5/3 1765/5/3
f 1769/3/3 1767/3/3 1766/3/3
f 1769/5/3 1766/5/3 1768/5/3
f 1770/3/3 1767/3/3 1769/3/3
f 1773/5/3 1772/5/3 1771/5/3
f 1774/5/3 1772/5/3 1773/5/3
f 1776/5/3 1772/5/3 1774/5/3
f 1777/5/3 1776/5/3 1775/5/3
f 1778/5/3 1772/5/3 1776/5/3
f 1778/5/3 1776/5/3 1777/5/3
f 1781/5/3 1780/5/3 1779/5/3
f 1782/5/3 1780/5/3 1781/5/3
f 1785/5/3 1784/5/3 1783/5/3
f 1786/5/3 1784/5/3 1785/5/3
f 1789/5/3 1788/5/3 1787/5/3
f 1790/5/3 1788/5/3 1789/5/3
f 1793/5/3 1792/5/3 1791/5/3
f 1794/5/3 1792/5/3 1793/5/3
f 1797/5/3 1796/5/3 1795/5/3
f 1798/5/3 1796/5/3 1797/5/3
f 1801/5/3 1800/5/3 1799/5/3
f 1802/5/3 1800/5/3 1801/5/3
f 1805/5/3 1804/5/3 1803/5/3
f 1806/5/3 1804/5/3 1805/5/3
f 1809/5/3 1808/5/3 1807/5/3
f 1810/5/3 1808/5/3 1809/5/3
f 1813/5/3 1812/5/3 1811/5/3
f 1814/5/3 1812/5/3 1813/5/3
f 1817/5/3 1816/5/3 1815/5/3
f 1818/5/3 1816/5/3 1817/5/3
f 1821/5/3 1820/5/3 1819/5/3
f 1822/5/3 1820/5/3 1821/5/3
f 1825/5/3 1824/5/3 1823/5/3
f 1826/5/3 1824/5/3 1825/5/3
f 1827/5/3 1825/5/3 1823/5/3
f 1828/5/3 1824/5/3 1826/5/3
f 1829/5/3 1827/5/3 1823/5/3
f 1829/5/3 1828/5/3 1827/5/3
f 1830/5/3 1824/5/3 1828/5/3
f 1830/5/3 1828/5/3 1829/5/3
f 1835/5/3 1834/5/3 1833/5/3
f 1836/5/3 1834/5/3 1835/5/3
f 1837/5/3 1832/5/3 1831/5/3
f 1838/5/3 1832/5/3 1837/5/3
f 1841/5/3 1840/5/3 1839/5/3
f 1842/5/3 1840/5/3 1841/5/3
f 1844/5/3 1840/5/3 1842/5/3
f 1845/5/3 1844/5/3 1843/5/3
f 1846/5/3 1840/5/3 1844/5/3
f 1846/5/3 1844/5/3 1845/5/3
f 1849/5/3 1848/5/3 1847/5/3
f 1850/5/3 1848/5/3 1849/5/3
f 1853/5/3 1852/5/3 1851/5/3
f 1854/5/3 1852/5/3 1853/5/3
f 1855/5/3 1853/5/3 1851/5/3
f 1856/5/3 1852/5/3 1854/5/3
f 1857/5/3 1855/5/3 1851/5/3
f 1857/5/3 1856/5/3 1855/5/3
f 1858/5/3 1852/5/3 1856/5/3
f 1858/5/3 1856/5/3 1857/5/3
f 1859/5/3 1857/5/3 1851/5/3
f 1860/5/3 1852/5/3 1858/5/3
f 1861/5/3 1859/5/3 1851/5/3
f 1861/5/3 1860/5/3 1859/5/3
f 1862/5/3 1852/5/3 1860/5/3
f 1862/5/3 1860/5/3 1861/5/3
f 1863/5/3 1861/5/3 1851/5/3
f 1864/5/3 1852/5/3 1862/5/3
f 1865/5/3 1863/5/3 1851/5/3
f 1865/5/3 1864/5/3 1863/5/3
f 1866/5/3 1852/5/3 1864/5/3
f 1866/5/3 1864/5/3 1865/5/3
f 1869/5/3 1868/5/3 1867/5/3
f 1870/5/3 1868/5/3 1869/5/3
f 1871/5/3 1869/5/3 1867/5/3
f 1872/5/3 1868/5/3 1870/5/3
f 1873/5/3 1871/5/3 1867/5/3
f 1873/5/3 1872/5/3 1871/5/3
f 1874/5/3 1868/5/3 1872/5/3
f 1874/5/3 1872/5/3 1873/5/3
f 1877/5/3 1876/5/3 1875/5/3
f 1878/5/3 1876/5/3 1877/5/3
f 1881/5/3 1880/5/3 1879/5/3
f 1882/5/3 1880/5/3 1881/5/3
f 1885/7/3 1884/7/3 1883/7/3
f 1886/7/3 1884/7/3 1885/7/3
f 1889/7/3 1888/7/3 1887/7/3
f 1890/7/3 1888/7/3 1889/7/3
f 1893/7/3 1892/7/3 1891/7/3
f 1894/7/3 1892/7/3 1893/7/3
f 1897/5/3 1896/5/3 1895/5/3
f 1898/5/3 1896/5/3 1897/5/3
f 1901/5/3 1900/5/3 1899/5/3
f 1902/5/3 1900/5/3 1901/5/3
f 1905/5/3 1904/5/3 1903/5/3
f 1906/5/3 1904/5/3 1905/5/3
f 1909/5/3 1908/5/3 1907/5/3
f 1910/5/3 1908/5/3 1909/5/3
f 1913/5/3 1912/5/3 1911/5/3
f 1914/5/3 1912/5/3 1913/5/3
f 1918/5/3 1916/5/3 1915/5/3
f 1919/3/3 1917/3/3 1916/3/3
f 1919/5/3 1916/5/3 1918/5/3
f 1920/3/3 1917/3/3 1919/3/3
f 1924/5/3 1922/5/3 1921/5/3
f 1925/3/3 1923/3/3 1922/3/3
f 1925/5/3 1922/5/3 1924/5/3
f 1926/3/3 1923/3/3 1925/3/3
f 1929/5/3 1928/5/3 1927/5/3
f 1930/5/3 1928/5/3 1929/5/3
f 1935/5/3 1932/5/3 1931/5/3
f 1936/5/3 1934/5/3 1933/5/3
f 1937/5/3 1934/5/3 1936/5/3
f 1938/5/3 1932/5/3 1935/5/3
f 1939/5/3 1932/5/3 1938/5/3
f 1940/5/3 1932/5/3 1939/5/3
f 1941/5/3 1939/5/3 1938/5/3
f 1942/5/3 1939/5/3 1941/5/3
f 1965/5/3 1944/5/3 1943/5/3
f 1966/5/3 1944/5/3 1965/5/3
f 1967/5/3 1946/5/3 1945/5/3
f 1968/5/3 1946/5/3 1967/5/3
f 1969/5/3 1948/5/3 1947/5/3
f 1970/5/3 1948/5/3 1969/5/3
f 1971/5/3 1950/5/3 1949/5/3
f 1972/5/3 1950/5/3 1971/5/3
f 1973/5/3 1952/5/3 1951/5/3
f 1974/5/3 1952/5/3 1973/5/3
f 1975/5/3 1954/5/3 1953/5/3
f 1976/5/3 1954/5/3 1975/5/3
f 1977/5/3 1956/5/3 1955/5/3
f 1978/5/3 1956/5/3 1977/5/3
f 1979/5/3 1958/5/3 1957/5/3
f 1980/5/3 1958/5/3 1979/5/3
f 1981/5/3 1960/5/3 1959/5/3
f 1982/5/3 1960/5/3 1981/5/3
f 1983/5/3 1962/5/3 1961/5/3
f 1984/5/3 1962/5/3 1983/5/3
f 1985/5/3 1964/5/3 1963/5/3
f 1986/5/3 1964/5/3 1985/5/3
f 1989/5/3 1988/5/3 1987/5/3
f 1990/5/3 1988/5/3 1989/5/3
f 1993/3/3 1992/3/3 1991/3/3
f 1994/3/3 1992/3/3 1993/3/3
f 1997/3/3 1996/3/3 1995/3/3
f 1998/3/3 1996/3/3 1997/3/3
f 2001/3/3 2000/3/3 1999/3/3
f 2002/3/3 2000/3/3 2001/3/3
f 2005/3/3 2004/3/3 2003/3/3
f 2006/3/3 2004/3/3 2005/3/3
f 2009/3/3 2008/3/3 2007/3/3
f 2010/3/3 2008/3/3 2009/3/3
f 2013/3/3 2012/3/3 2011/3/3
f 2014/3/3 2012/3/3 2013/3/3
f 2019/5/3 2016/5/3 2015/5/3
f 2020/5/3 2016/5/3 2019/5/3
f 2021/5/3 2018/5/3 2017/5/3
f 2022/5/3 2018/5/3 2021/5/3
f 2025/5/3 2024/5/3 2023/5/3
f 2026/5/3 2024/5/3 2025/5/3
f 2029/5/3 2028/5/3 2027/5/3
f 2030/5/3 2028/5/3 2029/5/3
f 2036/3/3 2032/3/3 2031/3/3
f 2037/5/3 2033/5/3 2032/5/3
f 2037/3/3 2032/3/3 2036/3/3
f 2038/5/3 2033/5/3 2037/5/3
f 2039/3/3 2035/3/3 2034/3/3
f 2040/3/3 2035/3/3 2039/3/3
f 2041/3/3 2039/3/3 2034/3/3
f 2042/3/3 2039/3/3 2041/3/3
f 2043/3/3 2039/3/3 2042/3/3
f 2044/3/3 2035/3/3 2040/3/3
f 2045/5/3 2033/5/3 2038/5/3
f 2046/5/3 2033/5/3 2045/5/3
f 2048/3/3 2044/3/3 2043/3/3
f 2048/3/3 2043/3/3 2042/3/3
f 2049/3/3 2048/3/3 2047/3/3
f 2050/3/3 2048/3/3 2049/3/3
f 2051/3/3 2048/3/3 2050/3/3
f 2052/3/3 2048/3/3 2051/3/3
f 2053/3/3 2044/3/3 2048/3/3
f 2053/3/3 2048/3/3 2052/3/3
f 2054/3/3 2044/3/3 2053/3/3
f 2055/3/3 2049/3/3 2047/3/3
f 2056/3/3 2051/3/3 2050/3/3
f 2057/3/3 2051/3/3 2056/3/3
f 2058/3/3 2053/3/3 2052/3/3
f 2059/3/3 2053/3/3 2058/3/3
f 2060/3/3 2044/3/3 2054/3/3
f 2063/3/3 2059/3/3 2058/3/3
f 2063/3/3 2057/3/3 2056/3/3
f 2063/3/3 2060/3/3 2059/3/3
f 2063/3/3 2055/3/3 2047/3/3
f 2063/3/3 2056/3/3 2055/3/3
f 2063/3/3 2058/3/3 2057/3/3
f 2064/3/3 2062/3/3 2061/3/3
f 2064/3/3 2063/3/3 2062/3/3
f 2065/3/3 2035/3/3 2044/3/3
f 2065/3/3 2063/3/3 2064/3/3
f 2065/3/3 2060/3/3 2063/3/3
f 2065/3/3 2044/3/3 2060/3/3
f 2066/3/3 2035/3/3 2065/3/3
f 2067/3/3 2035/3/3 2066/3/3
f 2068/3/3 2066/3/3 2065/3/3
f 2069/3/3 2066/3/3 2068/3/3
f 2070/3/3 2035/3/3 2067/3/3
f 2071/3/3 2069/3/3 2068/3/3
f 2071/3/3 2070/3/3 2069/3/3
f 2072/3/3 2035/3/3 2070/3/3
f 2072/3/3 2070/3/3 2071/3/3
f 2073/3/3 2071/3/3 2068/3/3
f 2074/3/3 2035/3/3 2072/3/3
f 2075/3/3 2073/3/3 2068/3/3
f 2075/3/3 2074/3/3 2073/3/3
f 2077/3/3 2074/3/3 2075/3/3
f 2078/3/3 2077/3/3 2076/3/3
f 2079/3/3 2077/3/3 2078/3/3
f 2080/3/3 2077/3/3 2079/3/3
f 2081/3/3 2074/3/3 2077/3/3
f 2081/3/3 2077/3/3 2080/3/3
f 2082/3/3 2074/3/3 2081/3/3
f 2083/3/3 2035/3/3 2074/3/3
f 2083/3/3 2074/3/3 2082/3/3
f 2085/3/3 2082/3/3 2081/3/3
f 2086/3/3 2082/3/3 2085/3/3
f 2087/3/3 2035/3/3 2083/3/3
f 2088/3/3 2086/3/3 2085/3/3
f 2088/3/3 2087/3/3 2086/3/3
f 2088/3/3 2085/3/3 2084/3/3
f 2089/3/3 2087/3/3 2088/3/3
f 2090/3/3 2088/3/3 2084/3/3
f 2091/3/3 2088/3/3 2090/3/3
f 2092/3/3 2087/3/3 2089/3/3
f 2093/3/3 2087/3/3 2092/3/3
f 2094/3/3 2088/3/3 2091/3/3
f 2095/3/3 2092/3/3 2089/3/3
f 2096/3/3 2035/3/3 2087/3/3
f 2096/3/3 2087/3/3 2093/3/3
f 2097/3/3 2090/3/3 2084/3/3
f 2098/3/3 2095/3/3 2094/3/3
f 2098/3/3 2094/3/3 2091/3/3
f 2099/3/3 2092/3/3 2095/3/3
f 2099/3/3 2098/3/3 2097/3/3
f 2099/3/3 2095/3/3 2098/3/3
f 2100/3/3 2096/3/3 2093/3/3
f 2101/3/3 2100/3/3 2099/3/3
f 2102/3/3 2100/3/3 2101/3/3
f 2103/3/3 2101/3/3 2099/3/3
f 2104/3/3 2100/3/3 2102/3/3
f 2105/3/3 2097/3/3 2084/3/3
f 2105/3/3 2104/3/3 2103/3/3
f 2105/3/3 2099/3/3 2097/3/3
f 2105/3/3 2103/3/3 2099/3/3
f 2106/3/3 2104/3/3 2105/3/3
f 2107/3/3 2100/3/3 2104/3/3
f 2107/3/3 2104/3/3 2106/3/3
f 2108/3/3 2100/3/3 2107/3/3
f 2111/3/3 2107/3/3 2106/3/3
f 2112/3/3 2100/3/3 2108/3/3
f 2113/3/3 2105/3/3 2084/3/3
f 2114/3/3 2105/3/3 2113/3/3
f 2115/3/3 2110/3/3 2109/3/3
f 2116/3/3 2110/3/3 2115/3/3
f 2117/3/3 2105/3/3 2114/3/3
f 2118/3/3 2111/3/3 2106/3/3
f 2118/3/3 2112/3/3 2111/3/3
f 2119/3/3 2112/3/3 2118/3/3
f 2120/3/3 2112/3/3 2119/3/3
f 2123/3/3 2122/3/3 2121/3/3
f 2124/3/3 2122/3/3 2123/3/3
f 2126/3/3 2117/3/3 2114/3/3
f 2126/3/3 2118/3/3 2117/3/3
f 2126/3/3 2119/3/3 2118/3/3
f 2127/3/3 2119/3/3 2126/3/3
f 2128/3/3 2112/3/3 2120/3/3
f 2129/3/3 2127/3/3 2126/3/3
f 2129/3/3 2128/3/3 2127/3/3
f 2129/3/3 2126/3/3 2125/3/3
f 2130/3/3 2128/3/3 2129/3/3
f 2131/3/3 2128/3/3 2130/3/3
f 2132/3/3 2112/3/3 2128/3/3
f 2132/3/3 2128/3/3 2131/3/3
f 2132/3/3 2096/3/3 2100/3/3
f 2132/3/3 2100/3/3 2112/3/3
f 2135/4/3 2134/4/3 2133/4/3
f 2136/4/3 2134/4/3 2135/4/3
f 2137/5/4 2138/5/4 2139/5/4
f 2139/5/4 2138/5/4 2140/5/4
f 2141/5/4 2142/5/4 2143/5/4
f 2143/5/4 2142/5/4 2144/5/4
f 2145/5/4 2146/5/4 2148/5/4
f 2147/5/4 2148/5/4 2149/5/4
f 2148/5/4 2146/5/4 2150/5/4
f 2149/5/4 2148/5/4 2150/5/4
f 2151/5/4 2152/5/4 2153/5/4
f 2153/5/4 2152/5/4 2154/5/4
f 2155/5/4 2156/5/4 2157/5/4
f 2157/5/4 2156/5/4 2158/5/4
f 2158/5/4 2156/5/4 2160/5/4
f 2159/5/4 2160/5/4 2161/5/4
f 2160/5/4 2156/5/4 2162/5/4
f 2161/5/4 2160/5/4 2162/5/4
f 2163/5/4 2164/5/4 2165/5/4
f 2165/5/4 2164/5/4 2166/5/4
f 2166/5/4 2164/5/4 2168/5/4
f 2167/5/4 2168/5/4 2169/5/4
f 2168/5/4 2164/5/4 2170/5/4
f 2169/5/4 2168/5/4 2170/5/4
f 2171/5/4 2172/5/4 2173/5/4
f 2173/5/4 2172/5/4 2174/5/4
f 2174/5/4 2172/5/4 2176/5/4
f 2175/5/4 2176/5/4 2177/5/4
f 2176/5/4 2172/5/4 2178/5/4
f 2177/5/4 2176/5/4 2178/5/4
f 2179/5/4 2180/5/4 2181/5/4
f 2181/5/4 2180/5/4 2182/5/4
f 2183/5/4 2184/5/4 2185/5/4
f 2185/5/4 2184/5/4 2186/5/4
f 2187/5/4 2188/5/4 2189/5/4
f 2189/5/4 2188/5/4 2190/5/4
f 2190/5/4 2188/5/4 2191/5/4
f 2191/5/4 2188/5/4 2192/5/4
f 2193/5/4 2194/5/4 2195/5/4
f 2195/5/4 2194/5/4 2196/5/4
f 2197/5/4 2198/5/4 2199/5/4
f 2199/5/4 2198/5/4 2200/5/4
f 2201/5/4 2202/5/4 2203/5/4
f 2203/5/4 2202/5/4 2204/5/4
f 2205/5/4 2206/5/4 2207/5/4
f 2207/5/4 2206/5/4 2208/5/4
f 2209/5/4 2210/5/4 2211/5/4
f 2211/5/4 2210/5/4 2212/5/4
f 2213/5/4 2214/5/4 2215/5/4
f 2215/5/4 2214/5/4 2216/5/4
f 2217/5/4 2218/5/4 2219/5/4
f 2219/5/4 2218/5/4 2220/5/4
f 2221/5/4 2222/5/4 2223/5/4
f 2223/5/4 2222/5/4 2224/5/4
f 2225/5/4 2226/5/4 2227/5/4
f 2227/5/4 2226/5/4 2228/5/4
f 2229/5/4 2230/5/4 2236/5/4
f 2236/5/4 2230/5/4 2237/5/4
f 2231/5/4 2232/5/4 2238/5/4
f 2238/5/4 2232/5/4 2239/5/4
f 2233/5/4 2234/5/4 2240/5/4
f 2240/5/4 2234/5/4 2241/5/4
f 2235/5/4 2236/5/4 2242/5/4
f 2242/5/4 2236/5/4 2243/5/4
f 2237/5/4 2238/5/4 2244/5/4
f 2244/5/4 2238/5/4 2245/5/4
f 2239/5/4 2240/5/4 2246/5/4
f 2246/5/4 2240/5/4 2247/5/4
f 2248/5/4 2249/5/4 2250/5/4
f 2250/5/4 2249/5/4 2251/5/4
f 2252/5/4 2253/5/4 2254/5/4
f 2254/5/4 2253/5/4 2255/5/4
f 2256/5/4 2257/5/4 2258/5/4
f 2258/5/4 2257/5/4 2259/5/4
f 2260/3/4 2261/3/4 2262/3/4
f 2262/3/4 2261/3/4 2263/3/4
f 2264/3/4 2265/3/4 2266/3/4
f 2266/3/4 2265/3/4 2267/3/4
f 2268/3/4 2269/3/4 2270/3/4
f 2270/3/4 2269/3/4 2271/3/4
f 2272/3/4 2273/3/4 2274/3/4
f 2274/3/4 2273/3/4 2275/3/4
f 2276/3/4 2277/3/4 2278/3/4
f 2278/3/4 2277/3/4 2279/3/4
f 2280/3/4 2281/3/4 2282/3/4
f 2282/3/4 2281/3/4 2283/3/4
f 2284/3/4 2285/3/4 2286/3/4
f 2286/3/4 2285/3/4 2287/3/4
f 2288/3/4 2289/3/4 2290/3/4
f 2290/3/4 2289/3/4 2291/3/4
f 2292/3/4 2293/3/4 2294/3/4
f 2294/3/4 2293/3/4 2295/3/4
f 2296/3/4 2297/3/4 2298/3/4
f 2298/3/4 2297/3/4 2299/3/4
f 2300/3/4 2301/3/4 2302/3/4
f 2302/3/4 2301/3/4 2303/3/4
f 2306/5/4 2307/5/4 2308/5/4
f 2308/5/4 2307/5/4 2309/5/4
f 2304/3/4 2305/3/4 2310/3/4
f 2310/3/4 2305/3/4 2311/3/4
f 2309/5/4 2307/5/4 2312/5/4
f 2312/5/4 2307/5/4 2313/5/4
f 2313/5/4 2307/5/4 2314/5/4
f 2314/5/4 2307/5/4 2315/5/4
f 2315/5/4 2307/5/4 2316/5/4
f 2316/5/4 2307/5/4 2317/5/4
f 2317/5/4 2307/5/4 2318/5/4
f 2318/5/4 2307/5/4 2319/5/4
f 2313/5/4 2314/5/4 2321/5/4
f 2321/5/4 2314/5/4 2322/5/4
f 2315/5/4 2316/5/4 2323/5/4
f 2323/5/4 2316/5/4 2324/5/4
f 2317/5/4 2318/5/4 2325/5/4
f 2325/5/4 2318/5/4 2326/5/4
f 2319/5/4 2307/5/4 2327/5/4
f 2325/5/4 2326/5/4 2328/5/4
f 2326/5/4 2327/5/4 2328/5/4
f 2321/5/4 2322/5/4 2328/5/4
f 2323/5/4 2324/5/4 2328/5/4
f 2324/5/4 2325/5/4 2328/5/4
f 2320/5/4 2321/5/4 2328/5/4
f 2322/5/4 2323/5/4 2328/5/4
f 2327/5/4 2307/5/4 2329/5/4
f 2328/5/4 2327/5/4 2329/5/4
f 2330/3/4 2331/3/4 2332/3/4
f 2332/3/4 2331/3/4 2333/3/4
f 2334/3/4 2335/3/4 2336/3/4
f 2336/3/4 2335/3/4 2337/3/4
f 2338/5/4 2339/5/4 2340/5/4
f 2340/5/4 2339/5/4 2341/5/4
f 2342/5/4 2343/5/4 2344/5/4
f 2344/5/4 2343/5/4 2345/5/4
f 2346/5/4 2347/5/4 2348/5/4
f 2348/5/4 2347/5/4 2349/5/4
f 2350/5/4 2351/5/4 2352/5/4
f 2352/5/4 2351/5/4 2353/5/4
f 2353/5/4 2351/5/4 2354/5/4
f 2354/5/4 2351/5/4 2355/5/4
f 2356/5/4 2357/5/4 2358/5/4
f 2358/5/4 2357/5/4 2359/5/4
f 2360/5/4 2361/5/4 2362/5/4
f 2362/5/4 2361/5/4 2363/5/4
f 2364/5/4 2365/5/4 2367/5/4
f 2365/3/4 2366/3/4 2368/3/4
f 2367/5/4 2365/5/4 2368/5/4
f 2368/3/4 2366/3/4 2369/3/4
f 2370/5/4 2371/5/4 2372/5/4
f 2372/5/4 2371/5/4 2373/5/4
f 2374/5/4 2375/5/4 2376/5/4
f 2376/5/4 2375/5/4 2377/5/4
f 2378/5/4 2379/5/4 2380/5/4
f 2380/5/4 2379/5/4 2381/5/4
f 2382/5/4 2383/5/4 2385/5/4
f 2385/5/4 2383/5/4 2386/5/4
f 2383/2/4 2384/2/4 2387/2/4
f 2386/5/4 2383/5/4 2387/5/4
f 2387/2/4 2384/2/4 2388/2/4
f 2382/5/4 2385/5/4 2389/5/4
f 2389/5/4 2385/5/4 2390/5/4
f 2385/2/4 2386/2/4 2391/2/4
f 2390/5/4 2385/5/4 2391/5/4
f 2391/2/4 2386/2/4 2392/2/4
f 2382/5/4 2389/5/4 2393/5/4
f 2393/5/4 2389/5/4 2394/5/4
f 2389/2/4 2390/2/4 2395/2/4
f 2394/5/4 2389/5/4 2395/5/4
f 2395/2/4 2390/2/4 2396/2/4
f 2382/5/4 2393/5/4 2397/5/4
f 2397/5/4 2393/5/4 2398/5/4
f 2393/2/4 2394/2/4 2399/2/4
f 2398/5/4 2393/5/4 2399/5/4
f 2399/2/4 2394/2/4 2400/2/4
f 2382/5/4 2397/5/4 2401/5/4
f 2397/2/4 2398/2/4 2402/2/4
f 2401/5/4 2397/5/4 2402/5/4
f 2402/2/4 2398/2/4 2403/2/4
f 2404/5/4 2405/5/4 2406/5/4
f 2406/5/4 2405/5/4 2407/5/4
f 2408/5/4 2409/5/4 2414/5/4
f 2414/5/4 2409/5/4 2415/5/4
f 2410/5/4 2411/5/4 2416/5/4
f 2416/5/4 2411/5/4 2417/5/4
f 2412/5/4 2413/5/4 2418/5/4
f 2418/5/4 2413/5/4 2419/5/4
f 2420/5/4 2421/5/4 2422/5/4
f 2422/5/4 2421/5/4 2423/5/4
f 2424/5/4 2425/5/4 2426/5/4
f 2426/5/4 2425/5/4 2427/5/4
f 2428/5/4 2429/5/4 2431/5/4
f 2429/3/4 2430/3/4 2432/3/4
f 2431/5/4 2429/5/4 2432/5/4
f 2432/3/4 2430/3/4 2433/3/4
f 2434/5/4 2435/5/4 2436/5/4
f 2436/5/4 2435/5/4 2437/5/4
f 2438/5/4 2439/5/4 2441/5/4
f 2440/5/4 2441/5/4 2442/5/4
f 2441/5/4 2439/5/4 2443/5/4
f 2442/5/4 2441/5/4 2443/5/4
f 2444/5/4 2445/5/4 2446/5/4
f 2446/5/4 2445/5/4 2447/5/4
f 2448/5/4 2449/5/4 2450/5/4
f 2450/5/4 2449/5/4 2451/5/4
f 2452/5/4 2453/5/4 2455/5/4
f 2453/3/4 2454/3/4 2456/3/4
f 2455/5/4 2453/5/4 2456/5/4
f 2456/3/4 2454/3/4 2457/3/4
f 2458/5/4 2459/5/4 2460/5/4
f 2460/5/4 2459/5/4 2461/5/4
f 2462/5/4 2463/5/4 2464/5/4
f 2464/5/4 2463/5/4 2465/5/4
f 2466/5/4 2467/5/4 2468/5/4
f 2468/5/4 2467/5/4 2469/5/4
f 2469/5/4 2467/5/4 2471/5/4
f 2470/5/4 2471/5/4 2472/5/4
f 2471/5/4 2467/5/4 2473/5/4
f 2472/5/4 2471/5/4 2473/5/4
f 2474/5/4 2475/5/4 2476/5/4
f 2476/5/4 2475/5/4 2477/5/4
f 2478/5/4 2479/5/4 2480/5/4
f 2480/5/4 2479/5/4 2481/5/4
f 2482/5/4 2483/5/4 2484/5/4
f 2484/5/4 2483/5/4 2485/5/4
f 2486/5/4 2487/5/4 2488/5/4
f 2488/5/4 2487/5/4 2489/5/4
f 2490/5/4 2491/5/4 2492/5/4
f 2492/5/4 2491/5/4 2493/5/4
f 2494/5/4 2495/5/4 2496/5/4
f 2496/5/4 2495/5/4 2497/5/4
f 2498/5/4 2499/5/4 2500/5/4
f 2500/5/4 2499/5/4 2501/5/4
f 2502/5/4 2503/5/4 2504/5/4
f 2504/5/4 2503/5/4 2505/5/4
f 2506/3/4 2507/3/4 2508/3/4
f 2508/3/4 2507/3/4 2509/3/4
f 2510/3/4 2511/3/4 2512/3/4
f 2512/3/4 2511/3/4 2513/3/4
f 2514/3/4 2515/3/4 2516/3/4
f 2516/3/4 2515/3/4 2517/3/4
f 2518/3/4 2519/3/4 2520/3/4
f 2520/3/4 2519/3/4 2521/3/4
f 2522/3/4 2523/3/4 2524/3/4
f 2524/3/4 2523/3/4 2525/3/4
f 2526/3/4 2527/3/4 2528/3/4
f 2528/3/4 2527/3/4 2529/3/4
f 2530/5/4 2531/5/4 2532/5/4
f 2532/5/4 2531/5/4 2533/5/4
f 2534/5/4 2535/5/4 2536/5/4
f 2536/5/4 2535/5/4 2537/5/4
f 2538/5/4 2539/5/4 2540/5/4
f 2540/5/4 2539/5/4 2541/5/4
f 2542/5/4 2543/5/4 2544/5/4
f 2544/5/4 2543/5/4 2545/5/4
f 2546/5/4 2547/5/4 2548/5/4
f 2548/5/4 2547/5/4 2549/5/4
f 2550/5/4 2551/5/4 2552/5/4
f 2552/5/4 2551/5/4 2553/5/4
f 2554/5/4 2555/5/4 2556/5/4
f 2556/5/4 2555/5/4 2557/5/4
f 2558/5/4 2559/5/4 2561/5/4
f 2559/3/4 2560/3/4 2562/3/4
f 2561/5/4 2559/5/4 2562/5/4
f 2562/3/4 2560/3/4 2563/3/4
f 2564/5/4 2565/5/4 2567/5/4
f 2565/3/4 2566/3/4 2568/3/4
f 2567/5/4 2565/5/4 2568/5/4
f 2568/3/4 2566/3/4 2569/3/4
f 2570/5/4 2571/5/4 2572/5/4
f 2572/5/4 2571/5/4 2573/5/4
f 2574/5/4 2575/5/4 2596/5/4
f 2596/5/4 2575/5/4 2597/5/4
f 2576/5/4 2577/5/4 2598/5/4
f 2598/5/4 2577/5/4 2599/5/4
f 2578/5/4 2579/5/4 2600/5/4
f 2600/5/4 2579/5/4 2601/5/4
f 2580/5/4 2581/5/4 2602/5/4
f 2602/5/4 2581/5/4 2603/5/4
f 2582/5/4 2583/5/4 2604/5/4
f 2604/5/4 2583/5/4 2605/5/4
f 2584/5/4 2585/5/4 2606/5/4
f 2606/5/4 2585/5/4 2607/5/4
f 2586/5/4 2587/5/4 2608/5/4
f 2608/5/4 2587/5/4 2609/5/4
f 2588/5/4 2589/5/4 2610/5/4
f 2610/5/4 2589/5/4 2611/5/4
f 2590/5/4 2591/5/4 2612/5/4
f 2612/5/4 2591/5/4 2613/5/4
f 2592/5/4 2593/5/4 2614/5/4
f 2614/5/4 2593/5/4 2615/5/4
f 2594/5/4 2595/5/4 2616/5/4
f 2616/5/4 2595/5/4 2617/5/4
f 2618/5/4 2619/5/4 2620/5/4
f 2620/5/4 2619/5/4 2621/5/4
f 2622/5/4 2623/5/4 2624/5/4
f 2624/5/4 2623/5/4 2625/5/4
f 2625/5/4 2623/5/4 2627/5/4
f 2626/5/4 2627/5/4 2628/5/4
f 2627/5/4 2623/5/4 2629/5/4
f 2628/5/4 2627/5/4 2629/5/4
f 2631/3/4 2632/3/4 2634/3/4
f 2632/5/4 2633/5/4 2635/5/4
f 2634/3/4 2632/3/4 2635/3/4
f 2635/5/4 2633/5/4 2636/5/4
f 2636/5/4 2633/5/4 2637/5/4
f 2637/5/4 2633/5/4 2638/5/4
f 2630/2/4 2631/2/4 2639/2/4
f 2631/3/4 2634/3/4 2640/3/4
f 2639/2/4 2631/2/4 2640/2/4
f 2639/1/4 2640/1/4 2641/1/4
f 2640/3/4 2634/3/4 2642/3/4
f 2641/1/4 2640/1/4 2642/1/4
f 2641/2/4 2642/2/4 2643/2/4
f 2642/3/4 2634/3/4 2644/3/4
f 2643/2/4 2642/2/4 2644/2/4
f 2644/3/4 2634/3/4 2645/3/4
f 2645/3/4 2634/3/4 2648/3/4
f 2646/2/4 2647/2/4 2649/2/4
f 2647/3/4 2648/3/4 2650/3/4
f 2649/2/4 2647/2/4 2650/2/4
f 2649/1/4 2650/1/4 2651/1/4
f 2650/3/4 2648/3/4 2652/3/4
f 2651/1/4 2650/1/4 2652/1/4
f 2651/2/4 2652/2/4 2653/2/4
f 2652/3/4 2648/3/4 2654/3/4
f 2653/2/4 2652/2/4 2654/2/4
f 2653/1/4 2654/1/4 2655/1/4
f 2654/3/4 2648/3/4 2656/3/4
f 2655/1/4 2654/1/4 2656/1/4
f 2655/2/4 2656/2/4 2657/2/4
f 2656/3/4 2648/3/4 2658/3/4
f 2657/2/4 2656/2/4 2658/2/4
f 2648/3/4 2634/3/4 2659/3/4
f 2658/3/4 2648/3/4 2659/3/4
f 2660/5/4 2661/5/4 2662/5/4
f 2662/5/4 2661/5/4 2663/5/4
f 2672/2/5 2665/2/5 2664/2/5
f 2673/1/5 2666/1/5 2665/1/5
f 2673/2/5 2665/2/5 2672/2/5
f 2674/2/5 2667/2/5 2666/2/5
f 2674/1/5 2666/1/5 2673/1/5
f 2675/1/5 2668/1/5 2667/1/5
f 2675/2/5 2667/2/5 2674/2/5
f 2676/2/5 2669/2/5 2668/2/5
f 2676/1/5 2668/1/5 2675/1/5
f 2677/1/5 2670/1/5 2669/1/5
f 2677/2/5 2669/2/5 2676/2/5
f 2678/2/5 2671/2/5 2670/2/5
f 2678/1/5 2670/1/5 2677/1/5
f 2679/2/5 2671/2/5 2678/2/5
f 2680/1/5 2677/1/5 2676/1/5
f 2680/1/5 2673/1/5 2672/1/5
f 2680/1/5 2679/1/5 2678/1/5
f 2680/1/5 2678/1/5 2677/1/5
f 2680/1/5 2676/1/5 2675/1/5
f 2680/1/5 2675/1/5 2674/1/5
f 2680/1/5 2674/1/5 2673/1/5
f 2681/1/5 2679/1/5 2680/1/5
f 2682/1/5 2679/1/5 2681/1/5
f 2683/1/5 2679/1/5 2682/1/5
f 2684/1/5 2679/1/5 2683/1/5
f 2685/1/5 2679/1/5 2684/1/5
f 2686/1/5 2679/1/5 2685/1/5
f 2687/1/5 2679/1/5 2686/1/5
f 2688/2/5 2681/2/5 2680/2/5
f 2689/1/5 2682/1/5 2681/1/5
f 2689/2/5 2681/2/5 2688/2/5
f 2690/2/5 2683/2/5 2682/2/5
f 2690/1/5 2682/1/5 2689/1/5
f 2691/1/5 2684/1/5 2683/1/5
f 2691/2/5 2683/2/5 2690/2/5
f 2692/2/5 2685/2/5 2684/2/5
f 2692/1/5 2684/1/5 2691/1/5
f 2693/1/5 2686/1/5 2685/1/5
f 2693/2/5 2685/2/5 2692/2/5
f 2694/2/5 2687/2/5 2686/2/5
f 2694/1/5 2686/1/5 2693/1/5
f 2695/2/5 2687/2/5 2694/2/5
f 2696/1/5 2689/1/5 2688/1/5
f 2696/1/5 2690/1/5 2689/1/5
f 2696/1/5 2695/1/5 2694/1/5
f 2696/1/5 2694/1/5 2693/1/5
f 2696/1/5 2693/1/5 2692/1/5
f 2696/1/5 2692/1/5 2691/1/5
f 2696/1/5 2691/1/5 2690/1/5
f 2697/1/5 2695/1/5 2696/1/5
f 2698/1/5 2695/1/5 2697/1/5
f 2699/1/5 2695/1/5 2698/1/5
f 2700/1/5 2695/1/5 2699/1/5
f 2701/1/5 2695/1/5 2700/1/5
f 2702/1/5 2695/1/5 2701/1/5
f 2703/1/5 2695/1/5 2702/1/5
f 2704/2/5 2697/2/5 2696/2/5
f 2705/1/5 2698/1/5 2697/1/5
f 2705/2/5 2697/2/5 2704/2/5
f 2706/2/5 2699/2/5 2698/2/5
f 2706/1/5 2698/1/5 2705/1/5
f 2707/1/5 2700/1/5 2699/1/5
f 2707/2/5 2699/2/5 2706/2/5
f 2708/2/5 2701/2/5 2700/2/5
f 2708/1/5 2700/1/5 2707/1/5
f 2709/1/5 2702/1/5 2701/1/5
f 2709/2/5 2701/2/5 2708/2/5
f 2710/2/5 2703/2/5 2702/2/5
f 2710/1/5 2702/1/5 2709/1/5
f 2711/2/5 2703/2/5 2710/2/5
f 2712/1/5 2705/1/5 2704/1/5
f 2712/1/5 2706/1/5 2705/1/5
f 2712/1/5 2711/1/5 2710/1/5
f 2712/1/5 2710/1/5 2709/1/5
f 2712/1/5 2709/1/5 2708/1/5
f 2712/1/5 2708/1/5 2707/1/5
f 2712/1/5 2707/1/5 2706/1/5
f 2713/1/5 2711/1/5 2712/1/5
f 2714/1/5 2711/1/5 2713/1/5
f 2715/1/5 2711/1/5 2714/1/5
f 2716/1/5 2711/1/5 2715/1/5
f 2717/1/5 2711/1/5 2716/1/5
f 2718/1/5 2711/1/5 2717/1/5
f 2719/1/5 2711/1/5 2718/1/5
f 2720/2/5 2713/2/5 2712/2/5
f 2721/1/5 2714/1/5 2713/1/5
f 2721/2/5 2713/2/5 2720/2/5
f 2722/2/5 2715/2/5 2714/2/5
f 2722/1/5 2714/1/5 2721/1/5
f 2723/1/5 2716/1/5 2715/1/5
f 2723/2/5 2715/2/5 2722/2/5
f 2724/2/5 2717/2/5 2716/2/5
f 2724/1/5 2716/1/5 2723/1/5
f 2725/1/5 2718/1/5 2717/1/5
f 2725/2/5 2717/2/5 2724/2/5
f 2726/2/5 2719/2/5 2718/2/5
f 2726/1/5 2718/1/5 2725/1/5
f 2727/2/5 2719/2/5 2726/2/5
f 2728/1/5 2721/1/5 2720/1/5
f 2728/1/5 2722/1/5 2721/1/5
f 2728/1/5 2727/1/5 2726/1/5
f 2728/1/5 2726/1/5 2725/1/5
f 2728/1/5 2725/1/5 2724/1/5
f 2728/1/5 2724/1/5 2723/1/5
f 2728/1/5 2723/1/5 2722/1/5
f 2729/1/5 2727/1/5 2728/1/5
f 2730/1/5 2727/1/5 2729/1/5
f 2731/1/5 2727/1/5 2730/1/5
f 2732/1/5 2727/1/5 2731/1/5
f 2733/1/5 2727/1/5 2732/1/5
f 2734/1/5 2727/1/5 2733/1/5
f 2735/1/5 2727/1/5 2734/1/5
f 2736/2/5 2729/2/5 2728/2/5
f 2737/1/5 2730/1/5 2729/1/5
f 2737/2/5 2729/2/5 2736/2/5
f 2738/2/5 2731/2/5 2730/2/5
f 2738/1/5 2730/1/5 2737/1/5
f 2739/1/5 2732/1/5 2731/1/5
f 2739/2/5 2731/2/5 2738/2/5
f 2740/2/5 2733/2/5 2732/2/5
f 2740/1/5 2732/1/5 2739/1/5
f 2741/1/5 2734/1/5 2733/1/5
f 2741/2/5 2733/2/5 2740/2/5
f 2742/2/5 2735/2/5 2734/2/5
f 2742/1/5 2734/1/5 2741/1/5
f 2743/2/5 2735/2/5 2742/2/5
f 2744/1/5 2737/1/5 2736/1/5
f 2744/1/5 2738/1/5 2737/1/5
f 2744/1/5 2743/1/5 2742/1/5
f 2744/1/5 2742/1/5 2741/1/5
f 2744/1/5 2741/1/5 2740/1/5
f 2744/1/5 2740/1/5 2739/1/5
f 2744/1/5 2739/1/5 2738/1/5
f 2745/1/5 2743/1/5 2744/1/5
f 2746/1/5 2743/1/5 2745/1/5
f 2747/1/5 2743/1/5 2746/1/5
f 2748/1/5 2743/1/5 2747/1/5
f 2749/1/5 2743/1/5 2748/1/5
f 2750/1/5 2743/1/5 2749/1/5
f 2751/1/5 2743/1/5 2750/1/5
f 2752/2/5 2749/2/5 2748/2/5
f 2752/1/5 2750/1/5 2749/1/5
f 2753/2/5 2751/2/5 2750/2/5
f 2753/1/5 2750/1/5 2752/1/5
f 2754/2/5 2751/2/5 2753/2/5
f 2755/2/5 2745/2/5 2744/2/5
f 2756/1/5 2746/1/5 2745/1/5
f 2756/2/5 2745/2/5 2755/2/5
f 2757/2/5 2747/2/5 2746/2/5
f 2757/1/5 2746/1/5 2756/1/5
f 2758/1/5 2748/1/5 2747/1/5
f 2758/2/5 2747/2/5 2757/2/5
f 2759/2/5 2752/2/5 2748/2/5
f 2759/1/5 2748/1/5 2758/1/5
f 2759/2/5 2753/2/5 2752/2/5
f 2760/1/5 2754/1/5 2753/1/5
f 2760/2/5 2753/2/5 2759/2/5
f 2761/2/5 2751/2/5 2754/2/5
f 2761/1/5 2754/1/5 2760/1/5
f 2762/2/5 2751/2/5 2761/2/5
f 2763/1/5 2760/1/5 2759/1/5
f 2763/1/5 2756/1/5 2755/1/5
f 2763/1/5 2762/1/5 2761/1/5
f 2763/1/5 2761/1/5 2760/1/5
f 2763/1/5 2759/1/5 2758/1/5
f 2763/1/5 2758/1/5 2757/1/5
f 2763/1/5 2757/1/5 2756/1/5
f 2764/1/5 2762/1/5 2763/1/5
f 2765/1/5 2762/1/5 2764/1/5
f 2766/1/5 2762/1/5 2765/1/5
f 2767/1/5 2762/1/5 2766/1/5
f 2768/1/5 2762/1/5 2767/1/5
f 2769/1/5 2762/1/5 2768/1/5
f 2770/1/5 2762/1/5 2769/1/5
f 2771/2/5 2764/2/5 2763/2/5
f 2772/1/5 2765/1/5 2764/1/5
f 2772/2/5 2764/2/5 2771/2/5
f 2773/2/5 2766/2/5 2765/2/5
f 2773/1/5 2765/1/5 2772/1/5
f 2774/1/5 2767/1/5 2766/1/5
f 2774/2/5 2766/2/5 2773/2/5
f 2775/2/5 2768/2/5 2767/2/5
f 2775/1/5 2767/1/5 2774/1/5
f 2776/1/5 2769/1/5 2768/1/5
f 2776/2/5 2768/2/5 2775/2/5
f 2777/2/5 2770/2/5 2769/2/5
f 2777/1/5 2769/1/5 2776/1/5
f 2778/2/5 2770/2/5 2777/2/5
f 2779/1/5 2772/1/5 2771/1/5
f 2779/1/5 2773/1/5 2772/1/5
f 2779/1/5 2778/1/5 2777/1/5
f 2779/1/5 2777/1/5 2776/1/5
f 2779/1/5 2776/1/5 2775/1/5
f 2779/1/5 2775/1/5 2774/1/5
f 2779/1/5 2774/1/5 2773/1/5
f 2780/1/5 2778/1/5 2779/1/5
f 2781/1/5 2778/1/5 2780/1/5
f 2782/1/5 2778/1/5 2781/1/5
f 2783/1/5 2778/1/5 2782/1/5
f 2784/1/5 2778/1/5 2783/1/5
f 2785/1/5 2778/1/5 2784/1/5
f 2786/1/5 2778/1/5 2785/1/5
f 2787/2/5 2780/2/5 2779/2/5
f 2788/1/5 2781/1/5 2780/1/5
f 2788/2/5 2780/2/5 2787/2/5
f 2789/2/5 2782/2/5 2781/2/5
f 2789/1/5 2781/1/5 2788/1/5
f 2790/1/5 2783/1/5 2782/1/5
f 2790/2/5 2782/2/5 2789/2/5
f 2791/2/5 2784/2/5 2783/2/5
f 2791/1/5 2783/1/5 2790/1/5
f 2792/1/5 2785/1/5 2784/1/5
f 2792/2/5 2784/2/5 2791/2/5
f 2793/2/5 2786/2/5 2785/2/5
f 2793/1/5 2785/1/5 2792/1/5
f 2794/2/5 2786/2/5 2793/2/5
f 2795/1/5 2788/1/5 2787/1/5
f 2795/1/5 2789/1/5 2788/1/5
f 2795/1/5 2794/1/5 2793/1/5
f 2795/1/5 2793/1/5 2792/1/5
f 2795/1/5 2792/1/5 2791/1/5
f 2795/1/5 2791/1/5 2790/1/5
f 2795/1/5 2790/1/5 2789/1/5
f 2796/1/5 2794/1/5 2795/1/5
f 2797/1/5 2794/1/5 2796/1/5
f 2798/1/5 2794/1/5 2797/1/5
f 2799/1/5 2794/1/5 2798/1/5
f 2800/1/5 2794/1/5 2799/1/5
f 2801/1/5 2794/1/5 2800/1/5
f 2802/1/5 2794/1/5 2801/1/5
f 2803/2/5 2796/2/5 2795/2/5
f 2804/1/5 2797/1/5 2796/1/5
f 2804/2/5 2796/2/5 2803/2/5
f 2805/2/5 2798/2/5 2797/2/5
f 2805/1/5 2797/1/5 2804/1/5
f 2806/1/5 2799/1/5 2798/1/5
f 2806/2/5 2798/2/5 2805/2/5
f 2807/2/5 2800/2/5 2799/2/5
f 2807/1/5 2799/1/5 2806/1/5
f 2808/1/5 2801/1/5 2800/1/5
f 2808/2/5 2800/2/5 2807/2/5
f 2809/2/5 2802/2/5 2801/2/5
f 2809/1/5 2801/1/5 2808/1/5
f 2810/2/5 2802/2/5 2809/2/5
f 2811/1/5 2804/1/5 2803/1/5
f 2811/1/5 2805/1/5 2804/1/5
f 2811/1/5 2810/1/5 2809/1/5
f 2811/1/5 2809/1/5 2808/1/5
f 2811/1/5 2808/1/5 2807/1/5
f 2811/1/5 2807/1/5 2806/1/5
f 2811/1/5 2806/1/5 2805/1/5
f 2812/1/5 2810/1/5 2811/1/5
f 2813/1/5 2810/1/5 2812/1/5
f 2814/1/5 2810/1/5 2813/1/5
f 2815/1/5 2810/1/5 2814/1/5
f 2816/1/5 2810/1/5 2815/1/5
f 2817/1/5 2810/1/5 2816/1/5
f 2818/1/5 2810/1/5 2817/1/5
f 2819/2/5 2812/2/5 2811/2/5
f 2820/1/5 2813/1/5 2812/1/5
f 2820/2/5 2812/2/5 2819/2/5
f 2821/2/5 2814/2/5 2813/2/5
f 2821/1/5 2813/1/5 2820/1/5
f 2822/1/5 2815/1/5 2814/1/5
f 2822/2/5 2814/2/5 2821/2/5
f 2823/2/5 2816/2/5 2815/2/5
f 2823/1/5 2815/1/5 2822/1/5
f 2824/1/5 2817/1/5 2816/1/5
f 2824/2/5 2816/2/5 2823/2/5
f 2825/2/5 2818/2/5 2817/2/5
f 2825/1/5 2817/1/5 2824/1/5
f 2826/2/5 2818/2/5 2825/2/5
f 2827/1/5 2820/1/5 2819/1/5
f 2827/1/5 2821/1/5 2820/1/5
f 2827/1/5 2826/1/5 2825/1/5
f 2827/1/5 2825/1/5 2824/1/5
f 2827/1/5 2824/1/5 2823/1/5
f 2827/1/5 2823/1/5 2822/1/5
f 2827/1/5 2822/1/5 2821/1/5
f 2828/1/5 2826/1/5 2827/1/5
f 2829/1/5 2826/1/5 2828/1/5
f 2830/1/5 2826/1/5 2829/1/5
f 2831/1/5 2826/1/5 2830/1/5
f 2832/1/5 2826/1/5 2831/1/5
f 2833/1/5 2826/1/5 2832/1/5
f 2834/1/5 2826/1/5 2833/1/5
f 2835/2/5 2828/2/5 2827/2/5
f 2836/1/5 2829/1/5 2828/1/5
f 2836/2/5 2828/2/5 2835/2/5
f 2837/2/5 2830/2/5 2829/2/5
f 2837/1/5 2829/1/5 2836/1/5
f 2838/1/5 2831/1/5 2830/1/5
f 2838/2/5 2830/2/5 2837/2/5
f 2839/2/5 2832/2/5 2831/2/5
f 2839/1/5 2831/1/5 2838/1/5
f 2840/1/5 2833/1/5 2832/1/5
f 2840/2/5 2832/2/5 2839/2/5
f 2841/2/5 2834/2/5 2833/2/5
f 2841/1/5 2833/1/5 2840/1/5
f 2842/2/5 2834/2/5 2841/2/5
f 2843/1/5 2836/1/5 2835/1/5
f 2843/1/5 2837/1/5 2836/1/5
f 2843/1/5 2842/1/5 2841/1/5
f 2843/1/5 2841/1/5 2840/1/5
f 2843/1/5 2840/1/5 2839/1/5
f 2843/1/5 2839/1/5 2838/1/5
f 2843/1/5 2838/1/5 2837/1/5
f 2844/1/5 2842/1/5 2843/1/5
f 2845/1/5 2842/1/5 2844/1/5
f 2846/1/5 2842/1/5 2845/1/5
f 2847/1/5 2842/1/5 2846/1/5
f 2848/1/5 2842/1/5 2847/1/5
f 2849/1/5 2842/1/5 2848/1/5
f 2850/1/5 2842/1/5 2849/1/5
f 2851/2/5 2844/2/5 2843/2/5
f 2852/1/5 2845/1/5 2844/1/5
f 2852/2/5 2844/2/5 2851/2/5
f 2853/2/5 2846/2/5 2845/2/5
f 2853/1/5 2845/1/5 2852/1/5
f 2854/1/5 2847/1/5 2846/1/5
f 2854/2/5 2846/2/5 2853/2/5
f 2855/2/5 2848/2/5 2847/2/5
f 2855/1/5 2847/1/5 2854/1/5
f 2856/1/5 2849/1/5 2848/1/5
f 2856/2/5 2848/2/5 2855/2/5
f 2857/2/5 2850/2/5 2849/2/5
f 2857/1/5 2849/1/5 2856/1/5
f 2858/2/5 2850/2/5 2857/2/5
f 2859/1/5 2852/1/5 2851/1/5
f 2859/1/5 2853/1/5 2852/1/5
f 2859/1/5 2858/1/5 2857/1/5
f 2859/1/5 2857/1/5 2856/1/5
f 2859/1/5 2856/1/5 2855/1/5
f 2859/1/5 2855/1/5 2854/1/5
f 2859/1/5 2854/1/5 2853/1/5
f 2860/1/5 2858/1/5 2859/1/5
f 2861/1/5 2858/1/5 2860/1/5
f 2862/1/5 2858/1/5 2861/1/5
f 2863/1/5 2858/1/5 2862/1/5
f 2864/1/5 2858/1/5 2863/1/5
f 2865/1/5 2858/1/5 2864/1/5
f 2866/1/5 2858/1/5 2865/1/5
f 2867/2/5 2860/2/5 2859/2/5
f 2868/1/5 2861/1/5 2860/1/5
f 2868/2/5 2860/2/5 2867/2/5
f 2869/2/5 2862/2/5 2861/2/5
f 2869/1/5 2861/1/5 2868/1/5
f 2870/1/5 2863/1/5 2862/1/5
f 2870/2/5 2862/2/5 2869/2/5
f 2871/2/5 2864/2/5 2863/2/5
f 2871/1/5 2863/1/5 2870/1/5
f 2872/1/5 2865/1/5 2864/1/5
f 2872/2/5 2864/2/5 2871/2/5
f 2873/2/5 2866/2/5 2865/2/5
f 2873/1/5 2865/1/5 2872/1/5
f 2874/2/5 2866/2/5 2873/2/5
f 2875/1/5 2868/1/5 2867/1/5
f 2875/1/5 2869/1/5 2868/1/5
f 2875/1/5 2874/1/5 2873/1/5
f 2875/1/5 2873/1/5 2872/1/5
f 2875/1/5 2872/1/5 2871/1/5
f 2875/1/5 2871/1/5 2870/1/5
f 2875/1/5 2870/1/5 2869/1/5
f 2876/1/5 2874/1/5 2875/1/5
f 2877/1/5 2874/1/5 2876/1/5
f 2878/1/5 2874/1/5 2877/1/5
f 2879/1/5 2874/1/5 2878/1/5
f 2880/1/5 2874/1/5 2879/1/5
f 2881/1/5 2874/1/5 2880/1/5
f 2882/1/5 2874/1/5 2881/1/5
f 2883/2/5 2876/2/5 2875/2/5
f 2884/1/5 2877/1/5 2876/1/5
f 2884/2/5 2876/2/5 2883/2/5
f 2885/2/5 2878/2/5 2877/2/5
f 2885/1/5 2877/1/5 2884/1/5
f 2886/1/5 2879/1/5 2878/1/5
f 2886/2/5 2878/2/5 2885/2/5
f 2887/2/5 2880/2/5 2879/2/5
f 2887/1/5 2879/1/5 2886/1/5
f 2888/1/5 2881/1/5 2880/1/5
f 2888/2/5 2880/2/5 2887/2/5
f 2889/2/5 2882/2/5 2881/2/5
f 2889/1/5 2881/1/5 2888/1/5
f 2890/2/5 2882/2/5 2889/2/5
f 2891/1/5 2884/1/5 2883/1/5
f 2891/1/5 2885/1/5 2884/1/5
f 2891/1/5 2890/1/5 2889/1/5
f 2891/1/5 2889/1/5 2888/1/5
f 2891/1/5 2888/1/5 2887/1/5
f 2891/1/5 2887/1/5 2886/1/5
f 2891/1/5 2886/1/5 2885/1/5
f 2892/1/5 2890/1/5 2891/1/5
f 2893/1/5 2890/1/5 2892/1/5
f 2894/1/5 2890/1/5 2893/1/5
f 2895/1/5 2890/1/5 2894/1/5
f 2896/1/5 2890/1/5 2895/1/5
f 2897/1/5 2890/1/5 2896/1/5
f 2898/1/5 2890/1/5 2897/1/5
f 2899/2/5 2892/2/5 2891/2/5
f 2900/1/5 2893/1/5 2892/1/5
f 2900/2/5 2892/2/5 2899/2/5
f 2901/2/5 2894/2/5 2893/2/5
f 2901/1/5 2893/1/5 2900/1/5
f 2902/1/5 2895/1/5 2894/1/5
f 2902/2/5 2894/2/5 2901/2/5
f 2903/2/5 2896/2/5 2895/2/5
f 2903/1/5 2895/1/5 2902/1/5
f 2904/1/5 2897/1/5 2896/1/5
f 2904/2/5 2896/2/5 2903/2/5
f 2905/2/5 2898/2/5 2897/2/5
f 2905/1/5 2897/1/5 2904/1/5
f 2906/2/5 2898/2/5 2905/2/5
f 2907/1/5 2900/1/5 2899/1/5
f 2907/1/5 2901/1/5 2900/1/5
f 2907/1/5 2906/1/5 2905/1/5
f 2907/1/5 2905/1/5 2904/1/5
f 2907/1/5 2904/1/5 2903/1/5
f 2907/1/5 2903/1/5 2902/1/5
f 2907/1/5 2902/1/5 2901/1/5
f 2908/1/5 2906/1/5 2907/1/5
f 2909/1/5 2906/1/5 2908/1/5
f 2910/1/5 2906/1/5 2909/1/5
f 2911/1/5 2906/1/5 2910/1/5
f 2912/1/5 2906/1/5 2911/1/5
f 2913/1/5 2906/1/5 2912/1/5
f 2914/1/5 2906/1/5 2913/1/5
f 2915/2/5 2908/2/5 2907/2/5
f 2916/1/5 2909/1/5 2908/1/5
f 2916/2/5 2908/2/5 2915/2/5
f 2917/2/5 2910/2/5 2909/2/5
f 2917/1/5 2909/1/5 2916/1/5
f 2918/1/5 2911/1/5 2910/1/5
f 2918/2/5 2910/2/5 2917/2/5
f 2919/2/5 2912/2/5 2911/2/5
f 2919/1/5 2911/1/5 2918/1/5
f 2920/1/5 2913/1/5 2912/1/5
f 2920/2/5 2912/2/5 2919/2/5
f 2921/2/5 2914/2/5 2913/2/5
f 2921/1/5 2913/1/5 2920/1/5
f 2922/2/5 2914/2/5 2921/2/5
f 2923/1/5 2916/1/5 2915/1/5
f 2923/1/5 2917/1/5 2916/1/5
f 2923/1/5 2922/1/5 2921/1/5
f 2923/1/5 2921/1/5 2920/1/5
f 2923/1/5 2920/1/5 2919/1/5
f 2923/1/5 2919/1/5 2918/1/5
f 2923/1/5 2918/1/5 2917/1/5
f 2924/1/5 2922/1/5 2923/1/5
f 2925/1/5 2922/1/5 2924/1/5
f 2926/1/5 2922/1/5 2925/1/5
f 2927/1/5 2922/1/5 2926/1/5
f 2928/1/5 2922/1/5 2927/1/5
f 2929/1/5 2922/1/5 2928/1/5
f 2930/1/5 2922/1/5 2929/1/5
f 2931/2/5 2924/2/5 2923/2/5
f 2932/1/5 2925/1/5 2924/1/5
f 2932/2/5 2924/2/5 2931/2/5
f 2933/2/5 2926/2/5 2925/2/5
f 2933/1/5 2925/1/5 2932/1/5
f 2934/2/5 2926/2/5 2933/2/5
f 2935/2/5 2926/2/5 2934/2/5
f 2936/1/5 2927/1/5 2926/1/5
f 2936/2/5 2926/2/5 2935/2/5
f 2937/2/5 2928/2/5 2927/2/5
f 2937/1/5 2927/1/5 2936/1/5
f 2938/1/5 2929/1/5 2928/1/5
f 2938/2/5 2928/2/5 2937/2/5
f 2939/2/5 2930/2/5 2929/2/5
f 2939/1/5 2929/1/5 2938/1/5
f 2940/2/5 2930/2/5 2939/2/5
f 2941/5/5 2935/5/5 2934/5/5
f 2942/5/5 2935/5/5 2941/5/5
f 2945/5/5 2944/5/5 2943/5/5
f 2946/5/5 2944/5/5 2945/5/5
f 2949/5/5 2948/5/5 2947/5/5
f 2950/5/5 2948/5/5 2949/5/5
f 2953/5/5 2952/5/5 2951/5/5
f 2954/5/5 2952/5/5 2953/5/5
f 2955/5/5 2953/5/5 2951/5/5
f 2956/5/5 2952/5/5 2954/5/5
f 2957/5/5 2955/5/5 2951/5/5
f 2957/5/5 2956/5/5 2955/5/5
f 2958/5/5 2952/5/5 2956/5/5
f 2958/5/5 2956/5/5 2957/5/5
f 2961/5/5 2960/5/5 2959/5/5
f 2962/5/5 2960/5/5 2961/5/5
f 2963/5/5 2961/5/5 2959/5/5
f 2964/5/5 2960/5/5 2962/5/5
f 2965/5/5 2963/5/5 2959/5/5
f 2965/5/5 2964/5/5 2963/5/5
f 2966/5/5 2960/5/5 2964/5/5
f 2966/5/5 2964/5/5 2965/5/5
f 2969/5/5 2968/5/5 2967/5/5
f 2970/5/5 2968/5/5 2969/5/5
f 2977/5/5 2972/5/5 2971/5/5
f 2978/5/5 2972/5/5 2977/5/5
f 2979/5/5 2974/5/5 2973/5/5
f 2980/5/5 2974/5/5 2979/5/5
f 2981/5/5 2976/5/5 2975/5/5
f 2982/5/5 2976/5/5 2981/5/5
f 2985/5/5 2984/5/5 2983/5/5
f 2986/5/5 2984/5/5 2985/5/5
f 2989/5/5 2988/5/5 2987/5/5
f 2990/5/5 2988/5/5 2989/5/5
f 2991/5/5 2989/5/5 2987/5/5
f 2992/5/5 2988/5/5 2990/5/5
f 2993/5/5 2991/5/5 2987/5/5
f 2993/5/5 2992/5/5 2991/5/5
f 2994/5/5 2988/5/5 2992/5/5
f 2994/5/5 2992/5/5 2993/5/5
f 2997/5/5 2996/5/5 2995/5/5
f 2998/5/5 2996/5/5 2997/5/5
f 3001/5/5 3000/5/5 2999/5/5
f 3002/5/5 3000/5/5 3001/5/5
f 3005/5/5 3004/5/5 3003/5/5
f 3006/5/5 3004/5/5 3005/5/5
f 3009/5/5 3008/5/5 3007/5/5
f 3010/5/5 3008/5/5 3009/5/5
f 3011/5/5 3009/5/5 3007/5/5
f 3012/5/5 3008/5/5 3010/5/5
f 3013/5/5 3011/5/5 3007/5/5
f 3013/5/5 3012/5/5 3011/5/5
f 3014/5/5 3008/5/5 3012/5/5
f 3014/5/5 3012/5/5 3013/5/5
f 3017/5/5 3016/5/5 3015/5/5
f 3018/5/5 3016/5/5 3017/5/5
f 3021/5/5 3020/5/5 3019/5/5
f 3022/5/5 3020/5/5 3021/5/5
f 3025/5/5 3024/5/5 3023/5/5
f 3026/5/5 3024/5/5 3025/5/5
f 3028/5/5 3027/5/5 3026/5/5
f 3029/5/5 3027/5/5 3028/5/5
f 3034/5/5 3033/5/5 3032/5/5
f 3035/5/5 3033/5/5 3034/5/5
f 3036/5/5 3031/5/5 3030/5/5
f 3037/5/5 3031/5/5 3036/5/5
f 3040/5/5 3039/5/5 3038/5/5
f 3041/5/5 3039/5/5 3040/5/5
f 3044/5/5 3043/5/5 3042/5/5
f 3045/5/5 3043/5/5 3044/5/5
f 3048/5/5 3047/5/5 3046/5/5
f 3049/5/5 3047/5/5 3048/5/5
f 3051/5/5 3050/5/5 3049/5/5
f 3052/5/5 3050/5/5 3051/5/5
f 3057/5/5 3056/5/5 3055/5/5
f 3058/5/5 3056/5/5 3057/5/5
f 3059/5/5 3054/5/5 3053/5/5
f 3060/5/5 3054/5/5 3059/5/5
f 3063/5/5 3062/5/5 3061/5/5
f 3064/5/5 3062/5/5 3063/5/5
f 3067/5/5 3066/5/5 3065/5/5
f 3068/5/5 3066/5/5 3067/5/5
f 3070/5/5 3069/5/5 3068/5/5
f 3071/5/5 3069/5/5 3070/5/5
f 3076/5/5 3075/5/5 3074/5/5
f 3077/5/5 3075/5/5 3076/5/5
f 3078/5/5 3073/5/5 3072/5/5
f 3079/5/5 3073/5/5 3078/5/5
f 3082/5/5 3081/5/5 3080/5/5
f 3083/5/5 3081/5/5 3082/5/5
f 3086/5/5 3085/5/5 3084/5/5
f 3087/5/5 3085/5/5 3086/5/5
f 3090/5/5 3089/5/5 3088/5/5
f 3091/5/5 3089/5/5 3090/5/5
f 3094/5/5 3093/5/5 3092/5/5
f 3095/5/5 3093/5/5 3094/5/5
f 3098/5/5 3097/5/5 3096/5/5
f 3099/5/5 3097/5/5 3098/5/5
f 3102/5/5 3101/5/5 3100/5/5
f 3103/5/5 3101/5/5 3102/5/5
f 3106/5/5 3105/5/5 3104/5/5
f 3107/5/5 3105/5/5 3106/5/5
f 3110/5/5 3109/5/5 3108/5/5
f 3111/5/5 3109/5/5 3110/5/5
f 3114/5/5 3113/5/5 3112/5/5
f 3115/5/5 3113/5/5 3114/5/5
f 3120/5/5 3117/5/5 3116/5/5
f 3121/5/5 3117/5/5 3120/5/5
f 3122/5/5 3119/5/5 3118/5/5
f 3123/5/5 3119/5/5 3122/5/5
f 3124/5/5 3119/5/5 3123/5/5
f 3125/5/5 3119/5/5 3124/5/5
f 3128/5/5 3127/5/5 3126/5/5
f 3129/5/5 3127/5/5 3128/5/5
f 3132/5/5 3131/5/5 3130/5/5
f 3133/5/5 3131/5/5 3132/5/5
f 3136/5/5 3135/5/5 3134/5/5
f 3137/5/5 3135/5/5 3136/5/5
f 3138/5/5 3135/5/5 3137/5/5
f 3139/5/5 3135/5/5 3138/5/5
f 3142/5/5 3141/5/5 3140/5/5
f 3143/5/5 3141/5/5 3142/5/5
f 3146/5/5 3145/5/5 3144/5/5
f 3147/5/5 3145/5/5 3146/5/5
f 3154/5/5 3149/5/5 3148/5/5
f 3155/5/5 3149/5/5 3154/5/5
f 3156/5/5 3151/5/5 3150/5/5
f 3157/5/5 3151/5/5 3156/5/5
f 3158/5/5 3153/5/5 3152/5/5
f 3159/5/5 3153/5/5 3158/5/5
f 3162/5/5 3161/5/5 3160/5/5
f 3163/5/5 3161/5/5 3162/5/5
f 3164/5/5 3162/5/5 3160/5/5
f 3165/5/5 3161/5/5 3163/5/5
f 3166/5/5 3164/5/5 3160/5/5
f 3166/5/5 3165/5/5 3164/5/5
f 3167/5/5 3161/5/5 3165/5/5
f 3167/5/5 3165/5/5 3166/5/5
f 3170/3/5 3169/3/5 3168/3/5
f 3171/3/5 3169/3/5 3170/3/5
f 3172/5/5 3171/5/5 3170/5/5
f 3173/5/5 3171/5/5 3172/5/5
f 3176/5/5 3175/5/5 3174/5/5
f 3177/5/5 3175/5/5 3176/5/5
f 3182/5/5 3179/5/5 3178/5/5
f 3183/5/5 3179/5/5 3182/5/5
f 3184/5/5 3181/5/5 3180/5/5
f 3185/5/5 3181/5/5 3184/5/5
f 3188/5/5 3187/5/5 3186/5/5
f 3189/5/5 3187/5/5 3188/5/5
f 3192/5/5 3191/5/5 3190/5/5
f 3193/5/5 3191/5/5 3192/5/5
f 3196/5/5 3195/5/5 3194/5/5
f 3197/5/5 3195/5/5 3196/5/5
f 3200/5/5 3199/5/5 3198/5/5
f 3201/5/5 3199/5/5 3200/5/5
f 3204/5/5 3203/5/5 3202/5/5
f 3205/5/5 3203/5/5 3204/5/5
f 3208/5/5 3207/5/5 3206/5/5
f 3209/5/5 3207/5/5 3208/5/5
f 3210/5/5 3208/5/5 3206/5/5
f 3211/5/5 3207/5/5 3209/5/5
f 3212/5/5 3210/5/5 3206/5/5
f 3212/5/5 3211/5/5 3210/5/5
f 3213/5/5 3207/5/5 3211/5/5
f 3213/5/5 3211/5/5 3212/5/5
f 3218/5/5 3215/5/5 3214/5/5
f 3219/5/5 3215/5/5 3218/5/5
f 3220/5/5 3217/5/5 3216/5/5
f 3221/5/5 3217/5/5 3220/5/5
f 3224/5/5 3223/5/5 3222/5/5
f 3225/5/5 3223/5/5 3224/5/5
f 3228/5/5 3227/5/5 3226/5/5
f 3229/5/5 3227/5/5 3228/5/5
f 3232/5/5 3231/5/5 3230/5/5
f 3233/5/5 3231/5/5 3232/5/5
f 3234/5/5 3232/5/5 3230/5/5
f 3235/5/5 3231/5/5 3233/5/5
f 3236/5/5 3234/5/5 3230/5/5
f 3236/5/5 3235/5/5 3234/5/5
f 3237/5/5 3231/5/5 3235/5/5
f 3237/5/5 3235/5/5 3236/5/5
f 3242/5/5 3239/5/5 3238/5/5
f 3243/5/5 3239/5/5 3242/5/5
f 3244/5/5 3241/5/5 3240/5/5
f 3245/5/5 3241/5/5 3244/5/5
f 3248/5/5 3247/5/5 3246/5/5
f 3249/5/5 3247/5/5 3248/5/5
f 3253/5/5 3251/5/5 3250/5/5
f 3254/5/5 3253/5/5 3252/5/5
f 3255/5/5 3251/5/5 3253/5/5
f 3255/5/5 3253/5/5 3254/5/5
f 3257/5/5 3251/5/5 3255/5/5
f 3258/5/5 3257/5/5 3256/5/5
f 3259/5/5 3251/5/5 3257/5/5
f 3259/5/5 3257/5/5 3258/5/5
f 3261/5/5 3251/5/5 3259/5/5
f 3262/5/5 3261/5/5 3260/5/5
f 3263/5/5 3251/5/5 3261/5/5
f 3263/5/5 3261/5/5 3262/5/5
f 3268/5/5 3265/5/5 3264/5/5
f 3269/5/5 3265/5/5 3268/5/5
f 3270/5/5 3267/5/5 3266/5/5
f 3271/5/5 3267/5/5 3270/5/5
f 3272/5/5 3251/5/5 3263/5/5
f 3273/5/5 3251/5/5 3272/5/5
f 3276/5/5 3275/5/5 3274/5/5
f 3277/5/5 3275/5/5 3276/5/5
f 3278/5/5 3276/5/5 3274/5/5
f 3279/5/5 3275/5/5 3277/5/5
f 3280/5/5 3278/5/5 3274/5/5
f 3280/5/5 3279/5/5 3278/5/5
f 3281/5/5 3275/5/5 3279/5/5
f 3281/5/5 3279/5/5 3280/5/5
f 3284/5/5 3283/5/5 3282/5/5
f 3285/5/5 3283/5/5 3284/5/5
f 3286/5/5 3283/5/5 3285/5/5
f 3287/5/5 3283/5/5 3286/5/5
f 3288/5/5 3283/5/5 3287/5/5
f 3289/5/5 3283/5/5 3288/5/5
f 3290/5/5 3286/5/5 3285/5/5
f 3291/5/5 3286/5/5 3290/5/5
f 3292/5/5 3288/5/5 3287/5/5
f 3293/5/5 3288/5/5 3292/5/5
f 3296/5/5 3295/5/5 3294/5/5
f 3297/5/5 3295/5/5 3296/5/5
f 3300/5/5 3299/5/5 3298/5/5
f 3301/5/5 3299/5/5 3300/5/5
f 3302/5/5 3295/5/5 3297/5/5
f 3304/5/5 3302/5/5 3297/5/5
f 3304/5/5 3303/5/5 3302/5/5
f 3305/5/5 3303/5/5 3304/5/5
f 3316/5/5 3311/5/5 3310/5/5
f 3317/5/5 3311/5/5 3316/5/5
f 3318/5/5 3313/5/5 3312/5/5
f 3319/5/5 3313/5/5 3318/5/5
f 3320/5/5 3307/5/5 3306/5/5
f 3321/5/5 3307/5/5 3320/5/5
f 3322/5/5 3309/5/5 3308/5/5
f 3323/5/5 3309/5/5 3322/5/5
f 3324/5/5 3315/5/5 3314/5/5
f 3325/5/5 3315/5/5 3324/5/5
f 3328/3/5 3327/3/5 3326/3/5
f 3329/3/5 3327/3/5 3328/3/5
f 3330/3/5 3328/3/5 3326/3/5
f 3331/3/5 3327/3/5 3329/3/5
f 3332/3/5 3330/3/5 3326/3/5
f 3332/3/5 3331/3/5 3330/3/5
f 3333/3/5 3327/3/5 3331/3/5
f 3333/3/5 3331/3/5 3332/3/5
f 3336/3/5 3335/3/5 3334/3/5
f 3337/3/5 3335/3/5 3336/3/5
f 3338/3/5 3335/3/5 3337/3/5
f 3339/3/5 3335/3/5 3338/3/5
f 3340/3/5 3335/3/5 3339/3/5
f 3341/3/5 3335/3/5 3340/3/5
f 3348/3/5 3345/3/5 3344/3/5
f 3349/3/5 3345/3/5 3348/3/5
f 3350/3/5 3345/3/5 3349/3/5
f 3351/3/5 3345/3/5 3350/3/5
f 3352/3/5 3347/3/5 3346/3/5
f 3353/3/5 3347/3/5 3352/3/5
f 3354/3/5 3347/3/5 3353/3/5
f 3355/3/5 3347/3/5 3354/3/5
f 3356/3/5 3348/3/5 3344/3/5
f 3357/3/5 3350/3/5 3349/3/5
f 3358/3/5 3350/3/5 3357/3/5
f 3359/3/5 3345/3/5 3351/3/5
f 3360/3/5 3352/3/5 3346/3/5
f 3361/3/5 3354/3/5 3353/3/5
f 3362/3/5 3354/3/5 3361/3/5
f 3363/3/5 3347/3/5 3355/3/5
f 3364/3/5 3343/3/5 3342/3/5
f 3365/3/5 3343/3/5 3364/3/5
f 3366/3/5 3358/3/5 3357/3/5
f 3366/3/5 3356/3/5 3344/3/5
f 3366/3/5 3359/3/5 3358/3/5
f 3366/3/5 3357/3/5 3356/3/5
f 3367/3/5 3359/3/5 3366/3/5
f 3368/3/5 3359/3/5 3367/3/5
f 3369/3/5 3345/3/5 3359/3/5
f 3369/3/5 3359/3/5 3368/3/5
f 3370/3/5 3363/3/5 3362/3/5
f 3370/3/5 3362/3/5 3361/3/5
f 3370/3/5 3360/3/5 3346/3/5
f 3370/3/5 3361/3/5 3360/3/5
f 3371/3/5 3363/3/5 3370/3/5
f 3372/3/5 3363/3/5 3371/3/5
f 3373/3/5 3347/3/5 3363/3/5
f 3373/3/5 3363/3/5 3372/3/5
f 3374/3/5 3336/3/5 3334/3/5
f 3375/3/5 3338/3/5 3337/3/5
f 3376/3/5 3366/3/5 3344/3/5
f 3377/3/5 3368/3/5 3367/3/5
f 3378/3/5 3368/3/5 3377/3/5
f 3379/3/5 3345/3/5 3369/3/5
f 3380/3/5 3370/3/5 3346/3/5
f 3381/3/5 3372/3/5 3371/3/5
f 3382/3/5 3372/3/5 3381/3/5
f 3383/3/5 3347/3/5 3373/3/5
f 3384/3/5 3378/3/5 3377/3/5
f 3384/3/5 3379/3/5 3378/3/5
f 3384/3/5 3376/3/5 3344/3/5
f 3384/3/5 3377/3/5 3376/3/5
f 3385/3/5 3345/3/5 3379/3/5
f 3385/3/5 3379/3/5 3384/3/5
f 3386/3/5 3382/3/5 3381/3/5
f 3386/3/5 3383/3/5 3382/3/5
f 3386/3/5 3380/3/5 3346/3/5
f 3386/3/5 3381/3/5 3380/3/5
f 3387/3/5 3347/3/5 3383/3/5
f 3387/3/5 3383/3/5 3386/3/5
f 3388/3/5 3375/3/5 3374/3/5
f 3388/3/5 3338/3/5 3375/3/5
f 3389/3/5 3340/3/5 3339/3/5
f 3390/3/5 3340/3/5 3389/3/5
f 3391/3/5 3335/3/5 3341/3/5
f 3392/3/5 3390/3/5 3389/3/5
f 3392/3/5 3391/3/5 3390/3/5
f 3392/3/5 3389/3/5 3388/3/5
f 3393/3/5 3391/3/5 3392/3/5
f 3394/3/5 3392/3/5 3388/3/5
f 3395/3/5 3391/3/5 3393/3/5
f 3396/3/5 3391/3/5 3395/3/5
f 3396/3/5 3395/3/5 3394/3/5
f 3397/3/5 3391/3/5 3396/3/5
f 3398/3/5 3396/3/5 3394/3/5
f 3399/3/5 3391/3/5 3397/3/5
f 3400/3/5 3394/3/5 3388/3/5
f 3400/3/5 3399/3/5 3398/3/5
f 3400/3/5 3398/3/5 3394/3/5
f 3401/3/5 3399/3/5 3400/3/5
f 3402/3/5 3400/3/5 3388/3/5
f 3403/3/5 3399/3/5 3401/3/5
f 3404/3/5 3399/3/5 3403/3/5
f 3404/3/5 3403/3/5 3402/3/5
f 3405/3/5 3399/3/5 3404/3/5
f 3406/3/5 3404/3/5 3402/3/5
f 3407/3/5 3399/3/5 3405/3/5
f 3408/3/5 3374/3/5 3334/3/5
f 3408/3/5 3407/3/5 3406/3/5
f 3408/3/5 3388/3/5 3374/3/5
f 3408/3/5 3402/3/5 3388/3/5
f 3408/3/5 3406/3/5 3402/3/5
f 3409/3/5 3407/3/5 3408/3/5
f 3410/3/5 3407/3/5 3409/3/5
f 3411/3/5 3407/3/5 3410/3/5
f 3412/3/5 3407/3/5 3411/3/5
f 3413/3/5 3407/3/5 3412/3/5
f 3414/3/5 3407/3/5 3413/3/5
f 3415/3/5 3407/3/5 3414/3/5
f 3416/3/5 3407/3/5 3415/3/5
f 3417/3/5 3407/3/5 3416/3/5
f 3418/3/5 3407/3/5 3417/3/5
f 3419/3/5 3407/3/5 3418/3/5
f 3420/3/5 3407/3/5 3419/3/5
f 3421/3/5 3399/3/5 3407/3/5
f 3421/3/5 3407/3/5 3420/3/5
f 3422/3/5 3399/3/5 3421/3/5
f 3423/3/5 3399/3/5 3422/3/5
f 3424/3/5 3420/3/5 3419/3/5
f 3425/3/5 3422/3/5 3421/3/5
f 3426/3/5 3422/3/5 3425/3/5
f 3427/3/5 3399/3/5 3423/3/5
f 3428/3/5 3408/3/5 3334/3/5
f 3429/3/5 3410/3/5 3409/3/5
f 3430/3/5 3410/3/5 3429/3/5
f 3431/3/5 3412/3/5 3411/3/5
f 3432/3/5 3412/3/5 3431/3/5
f 3433/3/5 3414/3/5 3413/3/5
f 3434/3/5 3414/3/5 3433/3/5
f 3435/3/5 3416/3/5 3415/3/5
f 3436/3/5 3416/3/5 3435/3/5
f 3437/3/5 3418/3/5 3417/3/5
f 3438/3/5 3418/3/5 3437/3/5
f 3439/3/5 3426/3/5 3425/3/5
f 3439/3/5 3427/3/5 3426/3/5
f 3439/3/5 3424/3/5 3419/3/5
f 3439/3/5 3425/3/5 3424/3/5
f 3440/3/5 3438/3/5 3437/3/5
f 3440/3/5 3439/3/5 3438/3/5
f 3440/3/5 3427/3/5 3439/3/5
f 3440/3/5 3437/3/5 3436/3/5
f 3440/3/5 3436/3/5 3435/3/5
f 3440/3/5 3433/3/5 3432/3/5
f 3440/3/5 3434/3/5 3433/3/5
f 3440/3/5 3431/3/5 3430/3/5
f 3440/3/5 3430/3/5 3429/3/5
f 3440/3/5 3429/3/5 3428/3/5
f 3440/3/5 3432/3/5 3431/3/5
f 3440/3/5 3399/3/5 3427/3/5
f 3440/3/5 3435/3/5 3434/3/5
f 3441/3/5 3335/3/5 3391/3/5
f 3441/3/5 3399/3/5 3440/3/5
f 3441/3/5 3391/3/5 3399/3/5
f 3442/3/5 3440/3/5 3428/3/5
f 3442/3/5 3428/3/5 3334/3/5
f 3443/5/5 3441/5/5 3440/5/5
f 3443/3/5 3440/3/5 3442/3/5
f 3444/5/5 3441/5/5 3443/5/5
f 3449/3/5 3446/3/5 3445/3/5
f 3450/3/5 3446/3/5 3449/3/5
f 3451/3/5 3448/3/5 3447/3/5
f 3452/3/5 3448/3/5 3451/3/5
f 3461/3/5 3454/3/5 3453/3/5
f 3462/3/5 3454/3/5 3461/3/5
f 3463/3/5 3456/3/5 3455/3/5
f 3464/3/5 3456/3/5 3463/3/5
f 3465/3/5 3458/3/5 3457/3/5
f 3466/3/5 3458/3/5 3465/3/5
f 3467/3/5 3460/3/5 3459/3/5
f 3468/3/5 3460/3/5 3467/3/5
f 3477/3/5 3470/3/5 3469/3/5
f 3478/3/5 3470/3/5 3477/3/5
f 3479/3/5 3472/3/5 3471/3/5
f 3480/3/5 3472/3/5 3479/3/5
f 3481/3/5 3474/3/5 3473/3/5
f 3482/3/5 3474/3/5 3481/3/5
f 3483/3/5 3476/3/5 3475/3/5
f 3484/3/5 3476/3/5 3483/3/5
f 3485/3/5 3449/3/5 3445/3/5
f 3486/3/5 3446/3/5 3450/3/5
f 3487/3/5 3451/3/5 3447/3/5
f 3488/3/5 3448/3/5 3452/3/5
f 3489/3/5 3485/3/5 3445/3/5
f 3489/3/5 3486/3/5 3485/3/5
f 3490/3/5 3446/3/5 3486/3/5
f 3490/3/5 3486/3/5 3489/3/5
f 3491/3/5 3488/3/5 3487/3/5
f 3491/3/5 3487/3/5 3447/3/5
f 3492/3/5 3448/3/5 3488/3/5
f 3492/3/5 3488/3/5 3491/3/5
f 3496/5/5 3494/5/5 3493/5/5
f 3497/5/5 3496/5/5 3495/5/5
f 3498/5/5 3494/5/5 3496/5/5
f 3498/5/5 3496/5/5 3497/5/5
f 3499/2/6 3500/2/6 3507/2/6
f 3500/1/6 3501/1/6 3508/1/6
f 3507/2/6 3500/2/6 3508/2/6
f 3501/2/6 3502/2/6 3509/2/6
f 3508/1/6 3501/1/6 3509/1/6
f 3502/1/6 3503/1/6 3510/1/6
f 3509/2/6 3502/2/6 3510/2/6
f 3503/2/6 3504/2/6 3511/2/6
f 3510/1/6 3503/1/6 3511/1/6
f 3504/1/6 3505/1/6 3512/1/6
f 3511/2/6 3504/2/6 3512/2/6
f 3505/2/6 3506/2/6 3513/2/6
f 3512/1/6 3505/1/6 3513/1/6
f 3513/2/6 3506/2/6 3514/2/6
f 3511/1/6 3512/1/6 3515/1/6
f 3507/1/6 3508/1/6 3515/1/6
f 3513/1/6 3514/1/6 3515/1/6
f 3512/1/6 3513/1/6 3515/1/6
f 3510/1/6 3511/1/6 3515/1/6
f 3509/1/6 3510/1/6 3515/1/6
f 3508/1/6 3509/1/6 3515/1/6
f 3515/1/6 3514/1/6 3516/1/6
f 3516/1/6 3514/1/6 3517/1/6
f 3517/1/6 3514/1/6 3518/1/6
f 3518/1/6 3514/1/6 3519/1/6
f 3519/1/6 3514/1/6 3520/1/6
f 3520/1/6 3514/1/6 3521/1/6
f 3521/1/6 3514/1/6 3522/1/6
f 3522/1/6 3514/1/6 3523/1/6
f 3518/2/6 3519/2/6 3524/2/6
f 3524/2/6 3519/2/6 3525/2/6
f 3525/2/6 3519/2/6 3526/2/6
f 3526/2/6 3519/2/6 3527/2/6
f 3527/2/6 3519/2/6 3528/2/6
f 3528/2/6 3519/2/6 3529/2/6
f 3520/2/6 3521/2/6 3530/2/6
f 3530/2/6 3521/2/6 3531/2/6
f 3531/2/6 3521/2/6 3532/2/6
f 3532/2/6 3521/2/6 3533/2/6
f 3533/2/6 3521/2/6 3534/2/6
f 3534/2/6 3521/2/6 3535/2/6
f 3518/2/6 3524/2/6 3536/2/6
f 3525/2/6 3526/2/6 3537/2/6
f 3537/2/6 3526/2/6 3538/2/6
f 3527/2/6 3528/2/6 3539/2/6
f 3539/2/6 3528/2/6 3540/2/6
f 3529/2/6 3519/2/6 3541/2/6
f 3520/2/6 3530/2/6 3542/2/6
f 3531/2/6 3532/2/6 3543/2/6
f 3543/2/6 3532/2/6 3544/2/6
f 3533/2/6 3534/2/6 3545/2/6
f 3545/2/6 3534/2/6 3546/2/6
f 3535/2/6 3521/2/6 3547/2/6
f 3516/2/6 3517/2/6 3548/2/6
f 3517/1/6 3518/1/6 3549/1/6
f 3548/2/6 3517/2/6 3549/2/6
f 3539/2/6 3540/2/6 3550/2/6
f 3549/1/6 3518/1/6 3550/1/6
f 3518/2/6 3536/2/6 3550/2/6
f 3537/2/6 3538/2/6 3550/2/6
f 3540/2/6 3541/2/6 3550/2/6
f 3536/2/6 3537/2/6 3550/2/6
f 3538/2/6 3539/2/6 3550/2/6
f 3519/1/6 3520/1/6 3551/1/6
f 3550/2/6 3541/2/6 3551/2/6
f 3541/2/6 3519/2/6 3551/2/6
f 3546/2/6 3547/2/6 3552/2/6
f 3551/1/6 3520/1/6 3552/1/6
f 3545/2/6 3546/2/6 3552/2/6
f 3543/2/6 3544/2/6 3552/2/6
f 3520/2/6 3542/2/6 3552/2/6
f 3542/2/6 3543/2/6 3552/2/6
f 3544/2/6 3545/2/6 3552/2/6
f 3521/1/6 3522/1/6 3553/1/6
f 3552/2/6 3547/2/6 3553/2/6
f 3547/2/6 3521/2/6 3553/2/6
f 3522/2/6 3523/2/6 3554/2/6
f 3553/1/6 3522/1/6 3554/1/6
f 3554/2/6 3523/2/6 3555/2/6
f 3550/1/6 3551/1/6 3556/1/6
f 3552/1/6 3553/1/6 3556/1/6
f 3554/1/6 3555/1/6 3556/1/6
f 3553/1/6 3554/1/6 3556/1/6
f 3549/1/6 3550/1/6 3556/1/6
f 3548/1/6 3549/1/6 3556/1/6
f 3551/1/6 3552/1/6 3556/1/6
f 3556/1/6 3555/1/6 3557/1/6
f 3557/1/6 3555/1/6 3558/1/6
f 3558/1/6 3555/1/6 3559/1/6
f 3559/1/6 3555/1/6 3560/1/6
f 3560/1/6 3555/1/6 3561/1/6
f 3556/2/6 3557/2/6 3562/2/6
f 3557/1/6 3558/1/6 3563/1/6
f 3562/2/6 3557/2/6 3563/2/6
f 3558/2/6 3559/2/6 3564/2/6
f 3563/1/6 3558/1/6 3564/1/6
f 3559/1/6 3560/1/6 3565/1/6
f 3564/2/6 3559/2/6 3565/2/6
f 3560/2/6 3561/2/6 3566/2/6
f 3565/1/6 3560/1/6 3566/1/6
f 3566/2/6 3561/2/6 3567/2/6
f 3562/1/6 3563/1/6 3569/1/6
f 3563/1/6 3564/1/6 3569/1/6
f 3566/1/6 3567/1/6 3569/1/6
f 3565/1/6 3566/1/6 3569/1/6
f 3564/1/6 3565/1/6 3569/1/6
f 3569/1/6 3567/1/6 3570/1/6
f 3570/1/6 3567/1/6 3571/1/6
f 3571/1/6 3567/1/6 3572/1/6
f 3572/1/6 3567/1/6 3573/1/6
f 3573/1/6 3567/1/6 3574/1/6
f 3574/1/6 3567/1/6 3575/1/6
f 3575/1/6 3567/1/6 3576/1/6
f 3571/2/6 3572/2/6 3577/2/6
f 3572/1/6 3573/1/6 3578/1/6
f 3577/2/6 3572/2/6 3578/2/6
f 3568/2/6 3569/2/6 3579/2/6
f 3569/2/6 3570/2/6 3579/2/6
f 3570/1/6 3571/1/6 3580/1/6
f 3579/2/6 3570/2/6 3580/2/6
f 3571/2/6 3577/2/6 3581/2/6
f 3580/1/6 3571/1/6 3581/1/6
f 3581/2/6 3577/2/6 3582/2/6
f 3578/1/6 3573/1/6 3583/1/6
f 3573/2/6 3574/2/6 3584/2/6
f 3583/1/6 3573/1/6 3584/1/6
f 3574/1/6 3575/1/6 3585/1/6
f 3584/2/6 3574/2/6 3585/2/6
f 3575/2/6 3576/2/6 3586/2/6
f 3585/1/6 3575/1/6 3586/1/6
f 3586/2/6 3576/2/6 3587/2/6
f 3581/1/6 3582/1/6 3588/1/6
f 3584/1/6 3585/1/6 3588/1/6
f 3586/1/6 3587/1/6 3588/1/6
f 3585/1/6 3586/1/6 3588/1/6
f 3579/1/6 3580/1/6 3588/1/6
f 3580/1/6 3581/1/6 3588/1/6
f 3583/1/6 3584/1/6 3588/1/6
f 3582/1/6 3583/1/6 3588/1/6
f 3588/1/6 3587/1/6 3589/1/6
f 3589/1/6 3587/1/6 3590/1/6
f 3590/1/6 3587/1/6 3591/1/6
f 3591/1/6 3587/1/6 3592/1/6
f 3592/1/6 3587/1/6 3593/1/6
f 3593/1/6 3587/1/6 3594/1/6
f 3594/1/6 3587/1/6 3595/1/6
f 3592/2/6 3593/2/6 3596/2/6
f 3596/2/6 3593/2/6 3597/2/6
f 3588/2/6 3589/2/6 3598/2/6
f 3589/1/6 3590/1/6 3599/1/6
f 3598/2/6 3589/2/6 3599/2/6
f 3590/2/6 3591/2/6 3600/2/6
f 3599/1/6 3590/1/6 3600/1/6
f 3600/2/6 3591/2/6 3601/2/6
f 3592/2/6 3596/2/6 3602/2/6
f 3597/2/6 3593/2/6 3603/2/6
f 3601/2/6 3591/2/6 3604/2/6
f 3591/1/6 3592/1/6 3605/1/6
f 3604/2/6 3591/2/6 3605/2/6
f 3592/2/6 3602/2/6 3606/2/6
f 3605/1/6 3592/1/6 3606/1/6
f 3602/2/6 3603/2/6 3606/2/6
f 3593/1/6 3594/1/6 3607/1/6
f 3606/2/6 3603/2/6 3607/2/6
f 3603/2/6 3593/2/6 3607/2/6
f 3594/2/6 3595/2/6 3608/2/6
f 3607/1/6 3594/1/6 3608/1/6
f 3608/2/6 3595/2/6 3609/2/6
f 3604/1/6 3605/1/6 3610/1/6
f 3605/1/6 3606/1/6 3610/1/6
f 3608/1/6 3609/1/6 3610/1/6
f 3607/1/6 3608/1/6 3610/1/6
f 3606/1/6 3607/1/6 3610/1/6
f 3610/1/6 3609/1/6 3611/1/6
f 3611/1/6 3609/1/6 3612/1/6
f 3612/1/6 3609/1/6 3613/1/6
f 3613/1/6 3609/1/6 3614/1/6
f 3614/1/6 3609/1/6 3615/1/6
f 3614/2/6 3615/2/6 3616/2/6
f 3616/2/6 3615/2/6 3617/2/6
f 3614/2/6 3616/2/6 3618/2/6
f 3617/2/6 3615/2/6 3619/2/6
f 3612/2/6 3613/2/6 3620/2/6
f 3613/1/6 3614/1/6 3620/1/6
f 3618/2/6 3619/2/6 3621/2/6
f 3620/1/6 3614/1/6 3621/1/6
f 3614/2/6 3618/2/6 3621/2/6
f 3621/2/6 3619/2/6 3622/2/6
f 3610/2/6 3611/2/6 3623/2/6
f 3611/1/6 3612/1/6 3624/1/6
f 3623/2/6 3611/2/6 3624/2/6
f 3612/2/6 3620/2/6 3625/2/6
f 3624/1/6 3612/1/6 3625/1/6
f 3620/2/6 3621/2/6 3625/2/6
f 3621/1/6 3622/1/6 3626/1/6
f 3625/2/6 3621/2/6 3626/2/6
f 3622/2/6 3619/2/6 3627/2/6
f 3626/1/6 3622/1/6 3627/1/6
f 3619/2/6 3615/2/6 3628/2/6
f 3627/2/6 3619/2/6 3628/2/6
f 3625/1/6 3626/1/6 3629/1/6
f 3623/1/6 3624/1/6 3629/1/6
f 3627/1/6 3628/1/6 3629/1/6
f 3624/1/6 3625/1/6 3629/1/6
f 3626/1/6 3627/1/6 3629/1/6
f 3629/1/6 3628/1/6 3630/1/6
f 3630/1/6 3628/1/6 3631/1/6
f 3631/1/6 3628/1/6 3632/1/6
f 3632/1/6 3628/1/6 3633/1/6
f 3633/1/6 3628/1/6 3634/1/6
f 3631/2/6 3632/2/6 3635/2/6
f 3635/2/6 3632/2/6 3636/2/6
f 3629/2/6 3630/2/6 3637/2/6
f 3630/1/6 3631/1/6 3638/1/6
f 3637/2/6 3630/2/6 3638/2/6
f 3631/2/6 3635/2/6 3639/2/6
f 3638/1/6 3631/1/6 3639/1/6
f 3639/2/6 3635/2/6 3640/2/6
f 3636/2/6 3632/2/6 3641/2/6
f 3632/1/6 3633/1/6 3642/1/6
f 3641/2/6 3632/2/6 3642/2/6
f 3633/2/6 3634/2/6 3643/2/6
f 3642/1/6 3633/1/6 3643/1/6
f 3643/2/6 3634/2/6 3644/2/6
f 3639/1/6 3640/1/6 3645/1/6
f 3637/1/6 3638/1/6 3645/1/6
f 3638/1/6 3639/1/6 3645/1/6
f 3645/1/6 3640/1/6 3646/1/6
f 3646/1/6 3640/1/6 3647/1/6
f 3647/1/6 3640/1/6 3648/1/6
f 3648/1/6 3640/1/6 3649/1/6
f 3641/1/6 3642/1/6 3650/1/6
f 3643/1/6 3644/1/6 3650/1/6
f 3642/1/6 3643/1/6 3650/1/6
f 3650/1/6 3644/1/6 3651/1/6
f 3646/2/6 3647/2/6 3652/2/6
f 3647/1/6 3648/1/6 3653/1/6
f 3652/2/6 3647/2/6 3653/2/6
f 3648/2/6 3649/2/6 3654/2/6
f 3653/1/6 3648/1/6 3654/1/6
f 3654/2/6 3649/2/6 3655/2/6
f 3650/2/6 3651/2/6 3656/2/6
f 3641/1/6 3650/1/6 3656/1/6
f 3656/2/6 3651/2/6 3657/2/6
f 3652/1/6 3653/1/6 3658/1/6
f 3654/1/6 3655/1/6 3658/1/6
f 3653/1/6 3654/1/6 3658/1/6
f 3658/1/6 3655/1/6 3659/1/6
f 3659/1/6 3655/1/6 3660/1/6
f 3660/1/6 3655/1/6 3661/1/6
f 3656/1/6 3657/1/6 3662/1/6
f 3641/1/6 3656/1/6 3662/1/6
f 3662/1/6 3657/1/6 3663/1/6
f 3663/1/6 3657/1/6 3664/1/6
f 3664/1/6 3657/1/6 3665/1/6
f 3658/2/6 3659/2/6 3666/2/6
f 3659/1/6 3660/1/6 3667/1/6
f 3666/2/6 3659/2/6 3667/2/6
f 3660/2/6 3661/2/6 3668/2/6
f 3667/1/6 3660/1/6 3668/1/6
f 3668/2/6 3661/2/6 3669/2/6
f 3662/2/6 3663/2/6 3670/2/6
f 3663/1/6 3664/1/6 3671/1/6
f 3670/2/6 3663/2/6 3671/2/6
f 3664/2/6 3665/2/6 3672/2/6
f 3671/1/6 3664/1/6 3672/1/6
f 3672/2/6 3665/2/6 3673/2/6
f 3666/1/6 3667/1/6 3674/1/6
f 3668/1/6 3669/1/6 3674/1/6
f 3667/1/6 3668/1/6 3674/1/6
f 3674/1/6 3669/1/6 3675/1/6
f 3675/1/6 3669/1/6 3676/1/6
f 3676/1/6 3669/1/6 3677/1/6
f 3672/1/6 3673/1/6 3678/1/6
f 3670/1/6 3671/1/6 3678/1/6
f 3671/1/6 3672/1/6 3678/1/6
f 3678/1/6 3673/1/6 3679/1/6
f 3679/1/6 3673/1/6 3680/1/6
f 3680/1/6 3673/1/6 3681/1/6
f 3674/2/6 3675/2/6 3683/2/6
f 3682/2/6 3683/2/6 3684/2/6
f 3675/1/6 3676/1/6 3685/1/6
f 3684/2/6 3683/2/6 3685/2/6
f 3683/2/6 3675/2/6 3685/2/6
f 3676/2/6 3677/2/6 3686/2/6
f 3685/1/6 3676/1/6 3686/1/6
f 3677/2/6 3678/2/6 3686/2/6
f 3678/2/6 3679/2/6 3686/2/6
f 3679/1/6 3680/1/6 3687/1/6
f 3686/2/6 3679/2/6 3687/2/6
f 3680/2/6 3681/2/6 3688/2/6
f 3687/1/6 3680/1/6 3688/1/6
f 3688/2/6 3681/2/6 3689/2/6
f 3684/1/6 3685/1/6 3690/1/6
f 3686/1/6 3687/1/6 3690/1/6
f 3688/1/6 3689/1/6 3690/1/6
f 3687/1/6 3688/1/6 3690/1/6
f 3685/1/6 3686/1/6 3690/1/6
f 3690/1/6 3689/1/6 3691/1/6
f 3691/1/6 3689/1/6 3692/1/6
f 3692/1/6 3689/1/6 3693/1/6
f 3693/1/6 3689/1/6 3694/1/6
f 3694/1/6 3689/1/6 3695/1/6
f 3690/2/6 3691/2/6 3696/2/6
f 3691/1/6 3692/1/6 3697/1/6
f 3696/2/6 3691/2/6 3697/2/6
f 3692/2/6 3693/2/6 3698/2/6
f 3697/1/6 3692/1/6 3698/1/6
f 3693/1/6 3694/1/6 3699/1/6
f 3698/2/6 3693/2/6 3699/2/6
f 3694/2/6 3695/2/6 3700/2/6
f 3699/1/6 3694/1/6 3700/1/6
f 3700/2/6 3695/2/6 3701/2/6
f 3696/1/6 3697/1/6 3702/1/6
f 3697/1/6 3698/1/6 3702/1/6
f 3700/1/6 3701/1/6 3702/1/6
f 3699/1/6 3700/1/6 3702/1/6
f 3698/1/6 3699/1/6 3702/1/6
f 3702/1/6 3701/1/6 3703/1/6
f 3703/1/6 3701/1/6 3704/1/6
f 3704/1/6 3701/1/6 3705/1/6
f 3705/1/6 3701/1/6 3706/1/6
f 3706/1/6 3701/1/6 3707/1/6
f 3704/2/6 3705/2/6 3708/2/6
f 3708/2/6 3705/2/6 3709/2/6
f 3705/1/6 3706/1/6 3710/1/6
f 3709/2/6 3705/2/6 3710/2/6
f 3706/2/6 3707/2/6 3711/2/6
f 3710/1/6 3706/1/6 3711/1/6
f 3702/2/6 3703/2/6 3712/2/6
f 3703/1/6 3704/1/6 3713/1/6
f 3712/2/6 3703/2/6 3713/2/6
f 3704/2/6 3708/2/6 3714/2/6
f 3713/1/6 3704/1/6 3714/1/6
f 3714/2/6 3708/2/6 3715/2/6
f 3709/2/6 3710/2/6 3716/2/6
f 3716/2/6 3710/2/6 3717/2/6
f 3711/2/6 3707/2/6 3718/2/6
f 3718/2/6 3707/2/6 3719/2/6
f 3712/1/6 3713/1/6 3720/1/6
f 3714/1/6 3715/1/6 3720/1/6
f 3713/1/6 3714/1/6 3720/1/6
f 3720/1/6 3715/1/6 3721/1/6
f 3721/1/6 3715/1/6 3722/1/6
f 3722/1/6 3715/1/6 3723/1/6
f 3723/1/6 3715/1/6 3724/1/6
f 3724/1/6 3715/1/6 3725/1/6
f 3716/1/6 3717/1/6 3726/1/6
f 3726/1/6 3717/1/6 3727/1/6
f 3718/1/6 3719/1/6 3728/1/6
f 3728/1/6 3719/1/6 3729/1/6
f 3724/2/6 3725/2/6 3730/2/6
f 3726/2/6 3727/2/6 3731/2/6
f 3731/2/6 3727/2/6 3732/2/6
f 3728/2/6 3729/2/6 3733/2/6
f 3720/2/6 3721/2/6 3734/2/6
f 3734/2/6 3721/2/6 3735/2/6
f 3720/2/6 3734/2/6 3736/2/6
f 3736/2/6 3734/2/6 3737/2/6
f 3735/2/6 3721/2/6 3738/2/6
f 3721/1/6 3722/1/6 3739/1/6
f 3738/2/6 3721/2/6 3739/2/6
f 3722/2/6 3723/2/6 3740/2/6
f 3739/1/6 3722/1/6 3740/1/6
f 3723/1/6 3724/1/6 3741/1/6
f 3740/2/6 3723/2/6 3741/2/6
f 3724/2/6 3730/2/6 3742/2/6
f 3741/1/6 3724/1/6 3742/1/6
f 3732/2/6 3733/2/6 3742/2/6
f 3731/2/6 3732/2/6 3742/2/6
f 3730/2/6 3731/2/6 3742/2/6
f 3733/2/6 3729/2/6 3743/2/6
f 3742/2/6 3733/2/6 3743/2/6
f 3740/1/6 3741/1/6 3744/1/6
f 3737/1/6 3738/1/6 3744/1/6
f 3742/1/6 3743/1/6 3744/1/6
f 3741/1/6 3742/1/6 3744/1/6
f 3738/1/6 3739/1/6 3744/1/6
f 3736/1/6 3737/1/6 3744/1/6
f 3739/1/6 3740/1/6 3744/1/6
f 3744/1/6 3743/1/6 3745/1/6
f 3745/1/6 3743/1/6 3746/1/6
f 3746/1/6 3743/1/6 3747/1/6
f 3747/1/6 3743/1/6 3748/1/6
f 3748/1/6 3743/1/6 3749/1/6
f 3744/2/6 3745/2/6 3750/2/6
f 3745/1/6 3746/1/6 3751/1/6
f 3750/2/6 3745/2/6 3751/2/6
f 3746/2/6 3747/2/6 3752/2/6
f 3751/1/6 3746/1/6 3752/1/6
f 3747/1/6 3748/1/6 3753/1/6
f 3752/2/6 3747/2/6 3753/2/6
f 3748/2/6 3749/2/6 3754/2/6
f 3753/1/6 3748/1/6 3754/1/6
f 3754/2/6 3749/2/6 3755/2/6
f 3750/1/6 3751/1/6 3756/1/6
f 3751/1/6 3752/1/6 3756/1/6
f 3754/1/6 3755/1/6 3756/1/6
f 3753/1/6 3754/1/6 3756/1/6
f 3752/1/6 3753/1/6 3756/1/6
f 3756/1/6 3755/1/6 3757/1/6
f 3757/1/6 3755/1/6 3758/1/6
f 3758/1/6 3755/1/6 3759/1/6
f 3759/1/6 3755/1/6 3760/1/6
f 3760/1/6 3755/1/6 3761/1/6
f 3761/1/6 3755/1/6 3762/1/6
f 3762/1/6 3755/1/6 3763/1/6
f 3763/1/6 3755/1/6 3764/1/6
f 3764/1/6 3755/1/6 3765/1/6
f 3756/2/6 3757/2/6 3766/2/6
f 3757/1/6 3758/1/6 3767/1/6
f 3766/2/6 3757/2/6 3767/2/6
f 3758/2/6 3759/2/6 3768/2/6
f 3767/1/6 3758/1/6 3768/1/6
f 3768/2/6 3759/2/6 3769/2/6
f 3760/2/6 3761/2/6 3770/2/6
f 3770/2/6 3761/2/6 3771/2/6
f 3762/2/6 3763/2/6 3772/2/6
f 3763/1/6 3764/1/6 3773/1/6
f 3772/2/6 3763/2/6 3773/2/6
f 3764/2/6 3765/2/6 3774/2/6
f 3773/1/6 3764/1/6 3774/1/6
f 3774/2/6 3765/2/6 3775/2/6
f 3766/1/6 3767/1/6 3776/1/6
f 3768/1/6 3769/1/6 3776/1/6
f 3767/1/6 3768/1/6 3776/1/6
f 3776/1/6 3769/1/6 3777/1/6
f 3777/1/6 3769/1/6 3778/1/6
f 3778/1/6 3769/1/6 3779/1/6
f 3770/1/6 3771/1/6 3780/1/6
f 3780/1/6 3771/1/6 3781/1/6
f 3772/1/6 3773/1/6 3782/1/6
f 3774/1/6 3775/1/6 3782/1/6
f 3773/1/6 3774/1/6 3782/1/6
f 3782/1/6 3775/1/6 3783/1/6
f 3776/2/6 3777/2/6 3784/2/6
f 3784/2/6 3777/2/6 3785/2/6
f 3778/2/6 3779/2/6 3786/2/6
f 3786/2/6 3779/2/6 3787/2/6
f 3787/2/6 3779/2/6 3788/2/6
f 3788/2/6 3779/2/6 3789/2/6
f 3778/2/6 3786/2/6 3790/2/6
f 3790/2/6 3786/2/6 3791/2/6
f 3791/2/6 3786/2/6 3792/2/6
f 3787/2/6 3788/2/6 3793/2/6
f 3793/2/6 3788/2/6 3794/2/6
f 3789/2/6 3779/2/6 3795/2/6
f 3793/2/6 3794/2/6 3796/2/6
f 3794/2/6 3795/2/6 3796/2/6
f 3791/2/6 3792/2/6 3796/2/6
f 3792/2/6 3793/2/6 3796/2/6
f 3796/2/6 3795/2/6 3797/2/6
f 3776/2/6 3784/2/6 3798/2/6
f 3798/2/6 3784/2/6 3799/2/6
f 3785/2/6 3777/2/6 3800/2/6
f 3777/1/6 3778/1/6 3801/1/6
f 3800/2/6 3777/2/6 3801/2/6
f 3778/2/6 3790/2/6 3802/2/6
f 3801/1/6 3778/1/6 3802/1/6
f 3802/2/6 3790/2/6 3803/2/6
f 3791/2/6 3796/2/6 3804/2/6
f 3804/2/6 3796/2/6 3805/2/6
f 3797/2/6 3795/2/6 3806/2/6
f 3795/2/6 3779/2/6 3807/2/6
f 3806/2/6 3795/2/6 3807/2/6
f 3780/2/6 3781/2/6 3808/2/6
f 3808/2/6 3781/2/6 3809/2/6
f 3782/2/6 3783/2/6 3810/2/6
f 3810/2/6 3783/2/6 3811/2/6
f 3798/1/6 3799/1/6 3812/1/6
f 3812/1/6 3799/1/6 3813/1/6
f 3800/1/6 3801/1/6 3814/1/6
f 3802/1/6 3803/1/6 3814/1/6
f 3801/1/6 3802/1/6 3814/1/6
f 3814/1/6 3803/1/6 3815/1/6
f 3804/1/6 3805/1/6 3816/1/6
f 3816/1/6 3805/1/6 3817/1/6
f 3817/1/6 3805/1/6 3818/1/6
f 3818/1/6 3805/1/6 3819/1/6
f 3806/1/6 3807/1/6 3820/1/6
f 3820/1/6 3807/1/6 3821/1/6
f 3808/1/6 3809/1/6 3822/1/6
f 3822/1/6 3809/1/6 3823/1/6
f 3810/1/6 3811/1/6 3824/1/6
f 3824/1/6 3811/1/6 3825/1/6
f 3825/1/6 3811/1/6 3826/1/6
f 3826/1/6 3811/1/6 3827/1/6
f 3822/2/6 3823/2/6 3828/2/6
f 3828/2/6 3823/2/6 3829/2/6
f 3812/2/6 3813/2/6 3830/2/6
f 3830/2/6 3813/2/6 3831/2/6
f 3814/2/6 3815/2/6 3832/2/6
f 3832/2/6 3815/2/6 3833/2/6
f 3816/2/6 3817/2/6 3834/2/6
f 3817/1/6 3818/1/6 3835/1/6
f 3834/2/6 3817/2/6 3835/2/6
f 3818/2/6 3819/2/6 3836/2/6
f 3835/1/6 3818/1/6 3836/1/6
f 3836/2/6 3819/2/6 3837/2/6
f 3820/2/6 3821/2/6 3838/2/6
f 3838/2/6 3821/2/6 3839/2/6
f 3824/2/6 3825/2/6 3840/2/6
f 3825/1/6 3826/1/6 3841/1/6
f 3840/2/6 3825/2/6 3841/2/6
f 3826/2/6 3827/2/6 3842/2/6
f 3841/1/6 3826/1/6 3842/1/6
f 3842/2/6 3827/2/6 3843/2/6
f 3832/2/6 3833/2/6 3844/2/6
f 3844/2/6 3833/2/6 3845/2/6
f 3844/5/6 3845/5/6 3846/5/6
f 3846/5/6 3845/5/6 3847/5/6
f 3848/2/6 3849/2/6 3850/2/6
f 3850/2/6 3849/2/6 3851/2/6
f 3852/5/6 3853/5/6 3854/5/6
f 3854/5/6 3853/5/6 3855/5/6
f 3856/5/6 3857/5/6 3858/5/6
f 3858/5/6 3857/5/6 3859/5/6
f 3860/5/6 3861/5/6 3862/5/6
f 3862/5/6 3861/5/6 3863/5/6
f 3864/5/6 3865/5/6 3866/5/6
f 3866/5/6 3865/5/6 3867/5/6
f 3868/5/6 3869/5/6 3870/5/6
f 3870/5/6 3869/5/6 3871/5/6
f 3872/5/6 3873/5/6 3874/5/6
f 3874/5/6 3873/5/6 3875/5/6
f 3872/5/6 3874/5/6 3876/5/6
f 3875/5/6 3873/5/6 3877/5/6
f 3872/5/6 3876/5/6 3878/5/6
f 3876/5/6 3877/5/6 3878/5/6
f 3877/5/6 3873/5/6 3879/5/6
f 3878/5/6 3877/5/6 3879/5/6
f 3880/5/6 3881/5/6 3882/5/6
f 3882/5/6 3881/5/6 3883/5/6
f 3884/2/6 3885/2/6 3886/2/6
f 3886/2/6 3885/2/6 3887/2/6
f 3888/5/6 3889/5/6 3890/5/6
f 3890/5/6 3889/5/6 3891/5/6
f 3888/5/6 3890/5/6 3892/5/6
f 3891/5/6 3889/5/6 3893/5/6
f 3888/5/6 3892/5/6 3894/5/6
f 3892/5/6 3893/5/6 3894/5/6
f 3893/5/6 3889/5/6 3895/5/6
f 3894/5/6 3893/5/6 3895/5/6
f 3896/5/6 3897/5/6 3898/5/6
f 3898/5/6 3897/5/6 3899/5/6
f 3900/5/6 3901/5/6 3906/5/6
f 3906/5/6 3901/5/6 3907/5/6
f 3902/5/6 3903/5/6 3908/5/6
f 3908/5/6 3903/5/6 3909/5/6
f 3904/5/6 3905/5/6 3910/5/6
f 3910/5/6 3905/5/6 3911/5/6
f 3912/5/6 3913/5/6 3914/5/6
f 3914/5/6 3913/5/6 3915/5/6
f 3916/5/6 3917/5/6 3918/5/6
f 3918/5/6 3917/5/6 3919/5/6
f 3920/5/6 3921/5/6 3922/5/6
f 3922/5/6 3921/5/6 3923/5/6
f 3920/5/6 3922/5/6 3924/5/6
f 3923/5/6 3921/5/6 3925/5/6
f 3920/5/6 3924/5/6 3926/5/6
f 3924/5/6 3925/5/6 3926/5/6
f 3925/5/6 3921/5/6 3927/5/6
f 3926/5/6 3925/5/6 3927/5/6
f 3928/2/6 3929/2/6 3930/2/6
f 3930/2/6 3929/2/6 3931/2/6
f 3932/5/6 3933/5/6 3936/5/6
f 3936/5/6 3933/5/6 3937/5/6
f 3934/2/6 3935/2/6 3938/2/6
f 3938/2/6 3935/2/6 3939/2/6
f 3940/5/6 3941/5/6 3942/5/6
f 3942/5/6 3941/5/6 3943/5/6
f 3944/5/6 3945/5/6 3946/5/6
f 3946/5/6 3945/5/6 3947/5/6
f 3948/5/6 3949/5/6 3950/5/6
f 3950/5/6 3949/5/6 3951/5/6
f 3948/5/6 3950/5/6 3952/5/6
f 3951/5/6 3949/5/6 3953/5/6
f 3948/5/6 3952/5/6 3954/5/6
f 3952/5/6 3953/5/6 3954/5/6
f 3953/5/6 3949/5/6 3955/5/6
f 3954/5/6 3953/5/6 3955/5/6
f 3960/2/6 3961/2/6 3962/2/6
f 3962/2/6 3961/2/6 3963/2/6
f 3960/2/6 3962/2/6 3964/2/6
f 3963/2/6 3961/2/6 3965/2/6
f 3966/5/6 3967/5/6 3968/5/6
f 3968/5/6 3967/5/6 3969/5/6
f 3966/5/6 3968/5/6 3970/5/6
f 3969/5/6 3967/5/6 3971/5/6
f 3966/5/6 3970/5/6 3972/5/6
f 3970/5/6 3971/5/6 3972/5/6
f 3971/5/6 3967/5/6 3973/5/6
f 3972/5/6 3971/5/6 3973/5/6
f 3959/1/6 3960/1/6 3974/1/6
f 3960/2/6 3964/2/6 3974/2/6
f 3964/2/6 3965/2/6 3974/2/6
f 3965/2/6 3961/2/6 3975/2/6
f 3974/2/6 3965/2/6 3975/2/6
f 3959/1/6 3974/1/6 3976/1/6
f 3974/1/6 3975/1/6 3976/1/6
f 3976/1/6 3975/1/6 3977/1/6
f 3956/2/6 3957/2/6 3978/2/6
f 3957/1/6 3958/1/6 3979/1/6
f 3978/2/6 3957/2/6 3979/2/6
f 3958/2/6 3959/2/6 3980/2/6
f 3979/1/6 3958/1/6 3980/1/6
f 3980/2/6 3959/2/6 3981/2/6
f 3981/2/6 3959/2/6 3987/2/6
f 3976/2/6 3977/2/6 3988/2/6
f 3988/2/6 3977/2/6 3989/2/6
f 3976/2/6 3988/2/6 3990/2/6
f 3989/2/6 3977/2/6 3991/2/6
f 3991/2/6 3977/2/6 3992/2/6
f 3982/2/6 3983/2/6 3994/2/6
f 3983/1/6 3984/1/6 3995/1/6
f 3994/2/6 3983/2/6 3995/2/6
f 3984/2/6 3985/2/6 3996/2/6
f 3995/1/6 3984/1/6 3996/1/6
f 3996/2/6 3985/2/6 3997/2/6
f 3986/2/6 3987/2/6 3998/2/6
f 3987/2/6 3959/2/6 3999/2/6
f 3998/2/6 3987/2/6 3999/2/6
f 3956/2/6 3978/2/6 4000/2/6
f 3999/2/6 3959/2/6 4003/2/6
f 3991/2/6 3992/2/6 4004/2/6
f 3990/2/6 3991/2/6 4004/2/6
f 3976/2/6 3990/2/6 4004/2/6
f 3992/2/6 3993/2/6 4004/2/6
f 4004/2/6 3993/2/6 4005/2/6
f 4005/2/6 3993/2/6 4006/2/6
f 4006/2/6 3993/2/6 4007/2/6
f 3976/2/6 4004/2/6 4008/2/6
f 4005/2/6 4006/2/6 4009/2/6
f 4002/2/6 4003/2/6 4010/2/6
f 4001/1/6 4002/1/6 4010/1/6
f 4003/2/6 3959/2/6 4011/2/6
f 4010/2/6 4003/2/6 4011/2/6
f 3959/1/6 3976/1/6 4011/1/6
f 4001/1/6 4010/1/6 4012/1/6
f 4010/1/6 4011/1/6 4012/1/6
f 4011/1/6 3976/1/6 4013/1/6
f 4012/1/6 4011/1/6 4013/1/6
f 4008/2/6 4009/2/6 4014/2/6
f 4013/1/6 3976/1/6 4014/1/6
f 3976/2/6 4008/2/6 4014/2/6
f 4009/2/6 4006/2/6 4015/2/6
f 4014/2/6 4009/2/6 4015/2/6
f 4013/1/6 4014/1/6 4016/1/6
f 4014/1/6 4015/1/6 4016/1/6
f 4016/1/6 4015/1/6 4017/1/6
f 4001/1/6 4012/1/6 4018/1/6
f 4000/2/6 4001/2/6 4018/2/6
f 4012/2/6 4013/2/6 4019/2/6
f 4018/1/6 4012/1/6 4019/1/6
f 4000/2/6 4018/2/6 4022/2/6
f 4018/2/6 4019/2/6 4022/2/6
f 4019/2/6 4013/2/6 4023/2/6
f 4022/2/6 4019/2/6 4023/2/6
f 4013/1/6 4016/1/6 4024/1/6
f 4023/2/6 4013/2/6 4024/2/6
f 4016/2/6 4017/2/6 4025/2/6
f 4024/1/6 4016/1/6 4025/1/6
f 4000/2/6 4022/2/6 4026/2/6
f 3956/2/6 4000/2/6 4026/2/6
f 4026/2/6 4022/2/6 4027/2/6
f 4024/2/6 4025/2/6 4028/2/6
f 4023/2/6 4024/2/6 4028/2/6
f 4025/2/6 4017/2/6 4029/2/6
f 4028/2/6 4025/2/6 4029/2/6
f 4020/5/6 4021/5/6 4030/5/6
f 4030/5/6 4021/5/6 4031/5/6
f 4032/5/6 4033/5/6 4034/5/6
f 4034/5/6 4033/5/6 4035/5/6
f 4036/5/6 4037/5/6 4038/5/6
f 4038/5/6 4037/5/6 4039/5/6
f 4039/5/6 4040/5/6 4041/5/6
f 4041/5/6 4040/5/6 4042/5/6
f 4045/5/6 4046/5/6 4047/5/6
f 4047/5/6 4046/5/6 4048/5/6
f 4043/5/6 4044/5/6 4049/5/6
f 4049/5/6 4044/5/6 4050/5/6
f 4051/5/6 4052/5/6 4053/5/6
f 4053/5/6 4052/5/6 4054/5/6
f 4055/5/6 4056/5/6 4057/5/6
f 4057/5/6 4056/5/6 4058/5/6
f 4058/5/6 4059/5/6 4060/5/6
f 4060/5/6 4059/5/6 4061/5/6
f 4064/5/6 4065/5/6 4066/5/6
f 4066/5/6 4065/5/6 4067/5/6
f 4062/5/6 4063/5/6 4068/5/6
f 4068/5/6 4063/5/6 4069/5/6
f 4070/5/6 4071/5/6 4076/5/6
f 4076/5/6 4071/5/6 4077/5/6
f 4074/5/6 4075/5/6 4078/5/6
f 4078/5/6 4075/5/6 4079/5/6
f 4072/5/6 4073/5/6 4080/5/6
f 4080/5/6 4073/5/6 4081/5/6
f 4082/5/6 4083/5/6 4084/5/6
f 4084/5/6 4083/5/6 4085/5/6
f 4085/5/6 4083/5/6 4086/5/6
f 4086/5/6 4083/5/6 4087/5/6
f 4090/5/6 4091/5/6 4092/5/6
f 4092/5/6 4091/5/6 4093/5/6
f 4088/5/6 4089/5/6 4094/5/6
f 4094/5/6 4089/5/6 4095/5/6
f 4096/5/6 4097/5/6 4098/5/6
f 4098/5/6 4097/5/6 4099/5/6
f 4100/5/6 4101/5/6 4102/5/6
f 4102/5/6 4101/5/6 4103/5/6
f 4104/5/6 4105/5/6 4106/5/6
f 4106/5/6 4105/5/6 4107/5/6
f 4108/5/6 4109/5/6 4110/5/6
f 4110/5/6 4109/5/6 4111/5/6
f 4112/5/6 4113/5/6 4114/5/6
f 4114/5/6 4113/5/6 4115/5/6
f 4116/5/6 4117/5/6 4118/5/6
f 4118/5/6 4117/5/6 4119/5/6
f 4120/5/6 4121/5/6 4122/5/6
f 4122/5/6 4121/5/6 4123/5/6
f 4124/5/6 4125/5/6 4126/5/6
f 4126/5/6 4125/5/6 4127/5/6
f 4128/5/6 4129/5/6 4130/5/6
f 4130/5/6 4129/5/6 4131/5/6
f 4132/5/6 4133/5/6 4134/5/6
f 4134/5/6 4133/5/6 4135/5/6
f 4136/5/6 4137/5/6 4138/5/6
f 4138/5/6 4137/5/6 4139/5/6
f 4140/5/6 4141/5/6 4142/5/6
f 4142/5/6 4141/5/6 4143/5/6
f 4144/5/6 4145/5/6 4146/5/6
f 4146/5/6 4145/5/6 4147/5/6
f 4148/5/6 4149/5/6 4154/5/6
f 4154/5/6 4149/5/6 4155/5/6
f 4150/5/6 4151/5/6 4156/5/6
f 4156/5/6 4151/5/6 4157/5/6
f 4152/5/6 4153/5/6 4158/5/6
f 4158/5/6 4153/5/6 4159/5/6
f 4160/5/6 4161/5/6 4162/5/6
f 4162/5/6 4161/5/6 4163/5/6
f 4164/5/6 4165/5/6 4168/5/6
f 4168/5/6 4165/5/6 4169/5/6
f 4166/5/6 4167/5/6 4170/5/6
f 4170/5/6 4167/5/6 4171/5/6
f 4171/5/6 4167/5/6 4172/5/6
f 4172/5/6 4167/5/6 4173/5/6
f 4174/5/6 4175/5/6 4176/5/6
f 4176/5/6 4175/5/6 4177/5/6
f 4178/5/6 4179/5/6 4180/5/6
f 4180/5/6 4179/5/6 4181/5/6
f 4181/5/6 4179/5/6 4182/5/6
f 4182/5/6 4179/5/6 4183/5/6
f 4184/5/6 4185/5/6 4186/5/6
f 4186/5/6 4185/5/6 4187/5/6
f 4188/5/6 4189/5/6 4190/5/6
f 4190/5/6 4189/5/6 4191/5/6
f 4198/5/6 4199/5/6 4200/5/6
f 4200/5/6 4199/5/6 4201/5/6
f 4194/5/6 4195/5/6 4202/5/6
f 4202/5/6 4195/5/6 4203/5/6
f 4196/5/6 4197/5/6 4204/5/6
f 4204/5/6 4197/5/6 4205/5/6
f 4192/5/6 4193/5/6 4206/5/6
f 4206/5/6 4193/5/6 4207/5/6
f 4208/5/6 4209/5/6 4210/5/6
f 4210/5/6 4209/5/6 4211/5/6
f 4208/5/6 4210/5/6 4212/5/6
f 4211/5/6 4209/5/6 4213/5/6
f 4208/5/6 4212/5/6 4214/5/6
f 4212/5/6 4213/5/6 4214/5/6
f 4213/5/6 4209/5/6 4215/5/6
f 4214/5/6 4213/5/6 4215/5/6
f 4216/5/6 4217/5/6 4218/5/6
f 4218/5/6 4217/5/6 4219/5/6
f 4220/5/6 4221/5/6 4222/5/6
f 4222/5/6 4221/5/6 4223/5/6
f 4224/5/6 4225/5/6 4226/5/6
f 4226/5/6 4225/5/6 4227/5/6
f 4228/5/6 4229/5/6 4230/5/6
f 4230/5/6 4229/5/6 4231/5/6
f 4228/5/6 4230/5/6 4232/5/6
f 4231/5/6 4229/5/6 4233/5/6
f 4228/5/6 4232/5/6 4234/5/6
f 4232/5/6 4233/5/6 4234/5/6
f 4233/5/6 4229/5/6 4235/5/6
f 4234/5/6 4233/5/6 4235/5/6
f 4236/5/6 4237/5/6 4240/5/6
f 4240/5/6 4237/5/6 4241/5/6
f 4238/5/6 4239/5/6 4242/5/6
f 4242/5/6 4239/5/6 4243/5/6
f 4244/5/6 4245/5/6 4246/5/6
f 4246/5/6 4245/5/6 4247/5/6
f 4248/5/6 4249/5/6 4250/5/6
f 4250/5/6 4249/5/6 4251/5/6
f 4248/5/6 4250/5/6 4252/5/6
f 4251/5/6 4249/5/6 4253/5/6
f 4248/5/6 4252/5/6 4254/5/6
f 4252/5/6 4253/5/6 4254/5/6
f 4253/5/6 4249/5/6 4255/5/6
f 4254/5/6 4253/5/6 4255/5/6
f 4256/5/6 4257/5/6 4258/5/6
f 4258/5/6 4257/5/6 4259/5/6
f 4260/5/6 4261/5/6 4263/5/6
f 4262/5/6 4263/5/6 4264/5/6
f 4263/5/6 4261/5/6 4265/5/6
f 4264/5/6 4263/5/6 4265/5/6
f 4265/5/6 4261/5/6 4267/5/6
f 4266/5/6 4267/5/6 4268/5/6
f 4267/5/6 4261/5/6 4269/5/6
f 4268/5/6 4267/5/6 4269/5/6
f 4269/5/6 4261/5/6 4271/5/6
f 4270/5/6 4271/5/6 4272/5/6
f 4271/5/6 4261/5/6 4273/5/6
f 4272/5/6 4271/5/6 4273/5/6
f 4273/5/6 4261/5/6 4278/5/6
f 4278/5/6 4261/5/6 4279/5/6
f 4276/5/6 4277/5/6 4282/5/6
f 4282/5/6 4277/5/6 4283/5/6
f 4274/5/6 4275/5/6 4284/5/6
f 4284/5/6 4275/5/6 4285/5/6
f 4280/5/6 4281/5/6 4287/5/6
f 4286/5/6 4287/5/6 4288/5/6
f 4287/5/6 4281/5/6 4289/5/6
f 4288/5/6 4287/5/6 4289/5/6
f 4290/5/6 4291/5/6 4292/5/6
f 4292/5/6 4291/5/6 4293/5/6
f 4290/5/6 4292/5/6 4294/5/6
f 4293/5/6 4291/5/6 4295/5/6
f 4290/5/6 4294/5/6 4296/5/6
f 4294/5/6 4295/5/6 4296/5/6
f 4295/5/6 4291/5/6 4297/5/6
f 4296/5/6 4295/5/6 4297/5/6
f 4298/5/6 4299/5/6 4300/5/6
f 4300/5/6 4299/5/6 4301/5/6
f 4301/5/6 4299/5/6 4302/5/6
f 4302/5/6 4299/5/6 4303/5/6
f 4303/5/6 4299/5/6 4304/5/6
f 4304/5/6 4299/5/6 4305/5/6
f 4303/5/6 4304/5/6 4306/5/6
f 4306/5/6 4304/5/6 4307/5/6
f 4301/5/6 4302/5/6 4308/5/6
f 4308/5/6 4302/5/6 4309/5/6
f 4310/5/6 4311/5/6 4312/5/6
f 4312/5/6 4311/5/6 4313/5/6
f 4313/5/6 4311/5/6 4314/5/6
f 4313/5/6 4314/5/6 4316/5/6
f 4314/5/6 4315/5/6 4316/5/6
f 4316/5/6 4315/5/6 4317/5/6
f 4322/5/6 4323/5/6 4328/5/6
f 4328/5/6 4323/5/6 4329/5/6
f 4324/5/6 4325/5/6 4330/5/6
f 4330/5/6 4325/5/6 4331/5/6
f 4318/5/6 4319/5/6 4332/5/6
f 4332/5/6 4319/5/6 4333/5/6
f 4320/5/6 4321/5/6 4334/5/6
f 4334/5/6 4321/5/6 4335/5/6
f 4326/5/6 4327/5/6 4336/5/6
f 4336/5/6 4327/5/6 4337/5/6
f 4338/3/6 4339/3/6 4340/3/6
f 4340/3/6 4339/3/6 4341/3/6
f 4341/3/6 4339/3/6 4342/3/6
f 4342/3/6 4339/3/6 4343/3/6
f 4343/3/6 4339/3/6 4344/3/6
f 4344/3/6 4339/3/6 4345/3/6
f 4345/3/6 4339/3/6 4346/3/6
f 4346/3/6 4339/3/6 4347/3/6
f 4347/3/6 4339/3/6 4348/3/6
f 4348/3/6 4339/3/6 4349/3/6
f 4349/3/6 4339/3/6 4350/3/6
f 4350/3/6 4339/3/6 4351/3/6
f 4338/3/6 4340/3/6 4352/3/6
f 4341/3/6 4342/3/6 4353/3/6
f 4353/3/6 4342/3/6 4354/3/6
f 4343/3/6 4344/3/6 4355/3/6
f 4355/3/6 4344/3/6 4356/3/6
f 4345/3/6 4346/3/6 4357/3/6
f 4357/3/6 4346/3/6 4358/3/6
f 4347/3/6 4348/3/6 4359/3/6
f 4359/3/6 4348/3/6 4360/3/6
f 4349/3/6 4350/3/6 4361/3/6
f 4361/3/6 4350/3/6 4362/3/6
f 4351/3/6 4339/3/6 4363/3/6
f 4361/3/6 4362/3/6 4364/3/6
f 4362/3/6 4363/3/6 4364/3/6
f 4359/3/6 4360/3/6 4364/3/6
f 4338/3/6 4352/3/6 4364/3/6
f 4360/3/6 4361/3/6 4364/3/6
f 4357/3/6 4358/3/6 4364/3/6
f 4358/3/6 4359/3/6 4364/3/6
f 4353/3/6 4354/3/6 4364/3/6
f 4356/3/6 4357/3/6 4364/3/6
f 4355/3/6 4356/3/6 4364/3/6
f 4354/3/6 4355/3/6 4364/3/6
f 4352/3/6 4353/3/6 4364/3/6
f 4364/3/6 4363/3/6 4365/3/6
f 4365/3/6 4363/3/6 4366/3/6
f 4363/3/6 4339/3/6 4367/3/6
f 4366/3/6 4363/3/6 4367/3/6
f 4368/5/6 4369/5/6 4371/5/6
f 4370/5/6 4371/5/6 4372/5/6
f 4371/5/6 4369/5/6 4373/5/6
f 4372/5/6 4371/5/6 4373/5/6
